,Name,gender,id,G1,g2,g3
0,Evelena Wiley Miguel,girl,202100001,97,48,98
1,Marvel Buel Isreal,girl,202100002,85,64,28
2,Adrianna Edward Orville,girl,202100003,4,99,53
3,Marquis Eligah Einar,boy,202100004,63,87,39
4,Taylor Lindy Nathaniel,boy,202100005,67,21,65
5,Leota Domenic Cristopher,girl,202100006,14,0,81
6,Asher Halley Estell,boy,202100007,6,66,46
7,Freda Ivy Ferman,girl,202100008,2,28,62
8,Donat Erasmo Devontae,boy,202100009,52,85,39
9,Zora Koby Dax,girl,202100010,89,35,52
10,Debi Rube Harrell,girl,202100011,78,82,88
11,Jordon Shellie Delwin,boy,202100012,9,80,94
12,Florentino Kale Jajuan,boy,202100013,81,29,81
13,Landen Carroll Orion,boy,202100014,20,18,18
14,Marylouise Pierre Jones,girl,202100015,21,23,66
15,Zillah Deonta Goebel,girl,202100016,67,90,1
16,Eller Gunner Asher,girl,202100017,82,13,49
17,Marcela Karim Ramon,girl,202100018,48,74,46
18,Karyl Tavares Kimberly,girl,202100019,61,44,23
19,Carlotta Diamond Reynold,girl,202100020,51,9,84
20,Alwin Ron Infant,boy,202100021,31,80,24
21,Brook Les Malachi,boy,202100022,46,65,76
22,Daijah Mordechai Aurthur,girl,202100023,77,62,54
23,Georgia Jasen Cortney,boy,202100024,2,17,40
24,Jessye Almon Emit,girl,202100025,41,30,86
25,Chanda Auther Owen,girl,202100026,54,88,74
26,Colleen Avery Claudio,girl,202100027,100,15,6
27,Marianne Virgil Charles,girl,202100028,73,31,65
28,Diann Shemar Keshawn,girl,202100029,35,43,13
29,Leona Oland Brendon,boy,202100030,2,83,73
30,Marcy Essex Bernhard,girl,202100031,43,59,3
31,Willam Jean Redden,boy,202100032,45,79,16
32,Veda Jasiah Ogden,girl,202100033,98,77,69
33,Tanesha Glenn Eli,girl,202100034,7,62,100
34,Shanequa Boyd Monte,girl,202100035,89,57,85
35,Cloe Akeem Gibson,girl,202100036,53,92,71
36,Wenzel Ovid Jovanni,boy,202100037,81,7,36
37,Essa Cary Flint,girl,202100038,19,24,10
38,Hermon Odie Ferd,boy,202100039,34,14,54
39,Deane Jair Baxter,boy,202100040,39,74,89
40,Aleck Easton Leslie,boy,202100041,30,32,94
41,Tyrone Cooper Bryce,boy,202100042,77,62,58
42,Dwayne Michel Isaak,boy,202100043,98,23,58
43,Sanjuanita Edie Burns,girl,202100044,89,33,76
44,Shanae Chauncy Keenen,girl,202100045,44,5,24
45,Rasheed Benson Vicente,boy,202100046,68,8,8
46,Kandice Jaydan Cephus,girl,202100047,26,22,39
47,Vilma Kolton Wiliam,girl,202100048,96,62,97
48,Esther Calvin Yael,boy,202100049,37,89,97
49,Buford Erling Keandre,boy,202100050,26,51,20
50,Yahaira Steve Lyric,girl,202100051,58,77,38
51,Michel Ah Erland,boy,202100052,98,63,14
52,Auther Marquise Garrison,boy,202100053,53,99,74
53,Yehuda Creed Caden,boy,202100054,67,94,80
54,Linsey Benjaman Tarik,girl,202100055,69,81,30
55,Doyle Osie Haiden,boy,202100056,24,34,31
56,Emely Lessie Erik,girl,202100057,47,93,33
57,Sadie Ryan Angelo,girl,202100058,22,84,66
58,Merrily Casimer Kelvin,girl,202100059,93,1,10
59,Paityn Braylen Armin,girl,202100060,83,100,57
60,Junia Austin Hudson,girl,202100061,15,47,58
61,Delos Jesus Rian,boy,202100062,72,0,48
62,Ota Jairo Juwan,girl,202100063,56,77,87
63,Alexys Channing Brennon,girl,202100064,46,31,11
64,Zane Jaheim Gale,boy,202100065,7,6,88
65,Tiana Tillman Randell,girl,202100066,77,71,4
66,Rashaan Arturo Jim,boy,202100067,72,85,6
67,Judah Denzell Deshawn,boy,202100068,28,21,69
68,Severt Silvester Brogan,boy,202100069,23,8,69
69,Hernan Martez Brion,boy,202100070,32,39,10
70,Marshall Lazaro Oneal,boy,202100071,23,95,95
71,Janey Aiden Schuyler,girl,202100072,75,67,41
72,Kiarra Armani Alexande,girl,202100073,38,29,31
73,Odie Ferd Cliff,boy,202100074,34,50,29
74,Cathryn Jeramie Hamilton,girl,202100075,68,59,57
75,Shaneka Jaylen Manford,girl,202100076,63,77,66
76,Jonna Karen Talmadge,girl,202100077,50,25,77
77,Wally Frances Freddie,boy,202100078,9,35,55
78,Cathrine Dijon Dillion,girl,202100079,12,35,93
79,Verlon Timmie Neil,boy,202100080,97,97,44
80,Unnamed Jaleel Reubin,boy,202100081,30,32,62
81,Ardath Monte Brock,girl,202100082,1,53,17
82,Orvis Truman Keshawn,boy,202100083,13,68,21
83,Lilie Cass Camren,girl,202100084,20,1,34
84,Lynn Rock Fulton,boy,202100085,93,84,25
85,Giselle Mcarthur Pinkney,girl,202100086,92,86,16
86,Nedra Carter Vinton,girl,202100087,20,24,37
87,Lollie Jerold Colter,girl,202100088,7,88,33
88,Isabela Dwight Korbin,girl,202100089,71,92,48
89,Magdalen Lawyer Emmet,girl,202100090,47,62,50
90,Karen Daunte Edie,boy,202100091,17,35,71
91,Trevor Barbara Fredy,boy,202100092,75,42,70
92,Bose Quincy Chas,boy,202100093,53,48,32
93,Mara Cole Dixie,girl,202100094,86,70,37
94,Milburn Effie Kem,boy,202100095,39,62,26
95,Trudi Hobart Jarad,girl,202100096,65,45,20
96,Shannen Demetrios Santana,girl,202100097,6,95,88
97,Stevie Toney Attilio,boy,202100098,27,8,41
98,Andrew Timmy Layton,boy,202100099,2,53,37
99,Larry Peter Gerardo,boy,202100100,56,86,65
100,Cathryn Philo Keenen,girl,202100101,54,54,3
101,Coolidge German Horatio,boy,202100102,95,69,27
102,Gerard Harley Dow,boy,202100103,45,89,90
103,Sylvia Edmon Kane,girl,202100104,22,47,60
104,Mike Allan Joel,boy,202100105,34,93,18
105,Vida Rowan Terry,girl,202100106,58,8,71
106,Hung Edgar Luciano,boy,202100107,25,56,65
107,Brande Jakobe Durwood,girl,202100108,32,58,96
108,Trudie Jamal Ari,girl,202100109,47,2,24
109,Cicely Tavon Ariel,girl,202100110,21,37,44
110,Derrek Urijah Seymour,boy,202100111,29,50,76
111,Madge Alfred Duke,girl,202100112,73,2,94
112,Buna Coolidge Herb,girl,202100113,28,90,43
113,Nicklaus Ibrahim Dimitri,boy,202100114,44,97,68
114,German Collins Jerrold,boy,202100115,97,22,89
115,Maureen Silver Ewell,girl,202100116,98,97,95
116,Hildegarde Milford Alto,girl,202100117,55,9,73
117,Kelvin Lena Rick,boy,202100118,70,88,88
118,Bynum Jaeden Barney,boy,202100119,6,48,64
119,Leonce Chadrick Dink,boy,202100120,49,9,78
120,Teressa Noble Neely,girl,202100121,37,77,47
121,Johnna Coy May,girl,202100122,73,11,59
122,Madlyn Beverly Wallace,girl,202100123,45,31,99
123,Doctor Deondre Paris,boy,202100124,2,81,5
124,Nada Ola Isom,girl,202100125,10,55,86
125,Eligah Knox Jace,boy,202100126,94,61,78
126,Roderic Lorin Marsh,boy,202100127,2,16,92
127,Kia Mackenzie Judith,girl,202100128,66,52,67
128,Ennis Gerhard Hezekiah,boy,202100129,99,22,4
129,Thyra Campbell Wilford,girl,202100130,57,43,76
130,Leitha Wheeler Conner,girl,202100131,33,49,81
131,Young Rowan Dolphus,boy,202100132,95,78,22
132,Nelie Parrish Linwood,girl,202100133,13,96,1
133,Liana Oddie Doris,girl,202100134,0,46,73
134,Zana Hezzie Tyrel,girl,202100135,32,8,88
135,Dashawn Jasper Rube,boy,202100136,90,85,13
136,Olan Marcello Bronson,boy,202100137,46,19,46
137,Margene Simon Hansford,girl,202100138,66,79,76
138,Jereme Isidor Fenton,boy,202100139,28,39,78
139,Jorja Nehemiah Orin,girl,202100140,51,17,34
140,Idella Carmen Dallas,girl,202100141,5,100,95
141,Hildegarde Ruel Denver,girl,202100142,91,10,0
142,Desi Daxton Carey,boy,202100143,89,100,64
143,Hyrum Deandre Vinson,boy,202100144,62,46,74
144,Telly Courtland Mackenzie,boy,202100145,44,63,61
145,Nova Pershing Ayden,girl,202100146,72,0,47
146,Branch Jaquan Clark,boy,202100147,19,79,92
147,Meda Herman Ruffin,girl,202100148,69,24,35
148,Cruz Cornel Roosevelt,boy,202100149,8,93,53
149,Rebecca Cyrus Christoper,boy,202100150,57,10,93
150,Azzie Arjun Zaiden,girl,202100151,8,46,93
151,Rafe Orvin Bowman,boy,202100152,7,69,90
152,Carleigh Wilfrid Rayburn,girl,202100153,63,29,93
153,Magan London Nathen,girl,202100154,48,22,74
154,Demario Donald Demian,boy,202100155,91,54,97
155,Carrol Fitzgerald Manuel,boy,202100156,77,43,98
156,Sid Evelyn Sebastian,boy,202100157,50,23,92
157,Kenzie Adrain Leif,girl,202100158,64,69,53
158,Cason Orrie Orlin,boy,202100159,59,64,15
159,Janiah Mikeal Christop,girl,202100160,75,79,99
160,Mario Doc Luc,boy,202100161,78,96,34
161,Huy Wylie Chet,boy,202100162,23,22,5
162,Godfrey Barrie Hilbert,boy,202100163,17,19,5
163,Beda Delmas Bishop,girl,202100164,50,81,0
164,Clovis Jaden Madison,boy,202100165,7,63,81
165,Tatianna Baldwin Abie,girl,202100166,12,26,82
166,Malcom Garvin Basil,boy,202100167,17,96,49
167,Eli Emmet Ivory,boy,202100168,73,29,22
168,Stormy Bunk Bailey,girl,202100169,14,38,30
169,Jolene Elva Estell,girl,202100170,54,81,78
170,Benton Wyatt Ritchie,boy,202100171,4,28,74
171,Adel Frances Gray,girl,202100172,68,82,10
172,Bernardo Judah Hoyt,boy,202100173,5,42,27
173,Obie Joel Fredric,boy,202100174,87,40,16
174,Shanna Deion Beckett,girl,202100175,63,90,3
175,Kelsie Zachary Reed,girl,202100176,53,17,59
176,Thursa Carlton Dorman,girl,202100177,61,33,22
177,Josh Kendall Harlow,boy,202100178,18,98,11
178,Lawrance Fredrick Yurem,boy,202100179,57,29,93
179,Toshio Bronson Kenny,boy,202100180,70,95,66
180,Katia Victor Rayshawn,girl,202100181,79,61,10
181,Almedia Loren Jaxson,girl,202100182,82,75,44
182,Merrilee Austen Brandin,girl,202100183,86,50,99
183,Goebel Barnett Rayan,boy,202100184,39,75,5
184,Corinna Lucille Torrence,girl,202100185,98,30,0
185,Irl Adam Maximilian,boy,202100186,66,15,61
186,Acey Orland Lonie,boy,202100187,20,5,21
187,Junior Dandre Felipe,boy,202100188,52,26,50
188,Chrissy Tilden Hershel,girl,202100189,88,36,57
189,Lily Wendell Yaakov,girl,202100190,67,35,64
190,Marcelo Waylon Aubra,boy,202100191,8,82,5
191,Carleton Kadyn Durell,boy,202100192,55,39,20
192,Nichol Benjamine Dion,girl,202100193,87,22,45
193,Adalyn Starling Burke,girl,202100194,92,43,1
194,Kipp Florencio Brooks,boy,202100195,53,69,59
195,Scottie Deion Stephon,boy,202100196,40,91,71
196,Ladonna Bud Waino,girl,202100197,85,79,40
197,Samual Tomas Dylan,boy,202100198,26,98,49
198,Hervey Simpson Beckham,boy,202100199,50,80,28
199,Jermain Stone Effie,boy,202100200,44,97,89
200,Deven Fernand Jakobe,boy,202100201,72,8,20
201,Ilah Lafe Roman,girl,202100202,56,79,19
202,Beda Lavon Eben,girl,202100203,84,88,25
203,Markell Florentino Darold,boy,202100204,66,83,20
204,Tatsuo Torrey Nat,boy,202100205,55,84,6
205,Ivah Kraig Fernando,girl,202100206,19,41,6
206,Damon Erasmo Mae,boy,202100207,8,69,35
207,Juliann Christina Budd,girl,202100208,38,25,99
208,Kisha Stan Deante,girl,202100209,37,13,26
209,Ettie Link Clive,girl,202100210,36,30,58
210,Littleton Walton Urijah,boy,202100211,38,38,34
211,Pratt Dijon Warner,boy,202100212,30,11,42
212,Aylin Rosendo Marion,girl,202100213,78,61,55
213,Corie Antoine Alvis,girl,202100214,82,99,94
214,Danyell Coley Birt,girl,202100215,78,23,92
215,Zeno Kieran Kade,boy,202100216,99,26,17
216,Natasha Jesus Rayan,girl,202100217,19,34,28
217,Durrell Sandy Bunk,boy,202100218,11,70,95
218,Coleman Derik Raoul,boy,202100219,55,99,27
219,Bart Niko Newman,boy,202100220,66,81,67
220,Terrie Deontae Odis,girl,202100221,39,76,93
221,Opha Reuben Burnie,girl,202100222,39,37,52
222,Cherie Price Guido,girl,202100223,51,3,82
223,Jessenia Juan Greyson,girl,202100224,67,16,86
224,Rashad Codie Porter,boy,202100225,82,9,48
225,Clarke Amir Charly,boy,202100226,83,99,46
226,Bryce Marques Kellan,boy,202100227,86,74,100
227,Valencia Anthoney Keaton,girl,202100228,32,40,34
228,Sheryll Halley Johnpaul,girl,202100229,23,14,47
229,Norine Jonas Barrie,girl,202100230,0,49,59
230,Florida Dino Hattie,girl,202100231,79,54,20
231,Cathrine Dustin Hardy,girl,202100232,48,73,19
232,Rylan Bayard Trinidad,boy,202100233,66,95,15
233,Louie Sigurd Alton,boy,202100234,66,92,13
234,Dwain Son Verne,boy,202100235,22,59,66
235,Levi Gaston Shoji,boy,202100236,11,33,42
236,Debbra Larue Lucio,girl,202100237,24,67,4
237,Journey Roland Odin,girl,202100238,21,88,29
238,Elta Chancy Hanson,girl,202100239,51,10,33
239,Ebbie Collis Kinte,boy,202100240,28,9,22
240,Junius Jule Tyrese,boy,202100241,100,19,32
241,Dante Lizzie Zane,boy,202100242,22,61,82
242,Deanne Jon Alexande,girl,202100243,94,26,8
243,Kelsea Tyrus Hill,girl,202100244,41,72,36
244,Quiana Jackson Stuart,girl,202100245,35,33,46
245,Gwen Adolf Keanu,girl,202100246,46,89,8
246,Dalton Declan Asberry,boy,202100247,55,57,29
247,Ardyce Bobby Jair,girl,202100248,21,6,4
248,Evelena Kellan Dalton,girl,202100249,41,86,77
249,Marti Millard Braylon,girl,202100250,67,8,3
250,Edna Thorwald Kevin,boy,202100251,65,16,8
251,Denzel Brock Damian,boy,202100252,63,26,97
252,Trudie Hjalmer Percival,girl,202100253,2,75,72
253,Zavier Raheem Amarion,boy,202100254,49,40,59
254,Brigette Cheryl Milas,girl,202100255,51,68,94
255,Anaya Kane Mickey,girl,202100256,57,16,23
256,Karon Nello Gaylen,girl,202100257,84,88,21
257,Madaline Byrd Angel,girl,202100258,11,41,39
258,Encarnacion Daquan Imanol,boy,202100259,20,72,5
259,Else Samual Derrek,girl,202100260,88,85,6
260,Jaliyah Garth Callum,girl,202100261,19,96,27
261,Kelsi Callie Dustin,girl,202100262,30,77,69
262,Nona Brion Arlin,girl,202100263,32,91,26
263,Alvina Douglass Devonte,girl,202100264,96,11,78
264,Chaya Ferd Dorsey,girl,202100265,97,86,39
265,Tanisha Rayan Izaiah,girl,202100266,66,8,71
266,Phillip Levern Halley,boy,202100267,79,43,24
267,Francisco Dwain Oren,boy,202100268,39,86,85
268,Sanaa Vance Tyrone,girl,202100269,51,18,80
269,Achsah Antwon Marcelino,girl,202100270,80,61,14
270,Emmett Shoji Brandin,boy,202100271,37,34,67
271,Dickie Savon Kolton,boy,202100272,42,35,86
272,Janay Colie Lovell,girl,202100273,4,85,15
273,Darrick Henderson Jaylon,boy,202100274,60,73,3
274,Lassie Dwane Alwin,girl,202100275,51,7,29
275,Lindy Darin Adelbert,boy,202100276,2,47,69
276,Brinda Boston Alto,girl,202100277,31,58,77
277,Josue Bentley Grant,boy,202100278,42,12,32
278,Rice Codey Essie,boy,202100279,12,85,57
279,Henretta Jelani Kamryn,girl,202100280,22,46,75
280,Jeanne Rahul Savon,girl,202100281,90,35,1
281,Deborah Duke Eliezer,boy,202100282,9,49,16
282,Lutie Garnett Geovanni,girl,202100283,66,84,77
283,Lauren Lawson Hillary,boy,202100284,1,20,89
284,Flonnie Gerold Brandon,girl,202100285,16,80,65
285,Mikayla Ron Lance,girl,202100286,56,71,91
286,Kinsley Margarito Hansel,girl,202100287,65,54,28
287,Patricia Connie Haiden,boy,202100288,41,56,80
288,Suzan Johnathan Rudy,girl,202100289,64,21,23
289,Maranda Brannon Tate,girl,202100290,3,74,29
290,Elvina Patricia Derik,girl,202100291,64,94,89
291,Nealy Shedrick Gust,girl,202100292,41,44,41
292,Buena Korbin Tal,girl,202100293,91,72,82
293,Aura Daisy Gonzalo,girl,202100294,66,5,13
294,Wong Amasa Francisco,boy,202100295,51,2,63
295,Theodocia Marty Cole,girl,202100296,37,54,38
296,Leticia Octavius Fitzgerald,girl,202100297,81,79,39
297,Mitch Erick Irene,boy,202100298,99,66,60
298,Verlie Laurel Micah,girl,202100299,3,43,89
299,Hilma Kyler Michele,girl,202100300,80,20,33
300,Mikayla Octavio Stacy,girl,202100301,91,48,50
301,Barney Davante Vashon,boy,202100302,7,39,22
302,Amari Ah Codi,boy,202100303,55,11,50
303,Leann Raymond Handy,girl,202100304,24,50,66
304,Elzada Maverick Trevor,girl,202100305,86,41,9
305,Casandra Waverly Tomie,girl,202100306,51,70,65
306,Evangeline Kirby Cleve,girl,202100307,5,82,13
307,Davonte Cornel Mae,boy,202100308,91,7,59
308,Jakob Gerard Alpheus,boy,202100309,70,7,74
309,Arrie Marcello Alice,girl,202100310,67,75,34
310,Velva Tandy Americo,girl,202100311,2,100,93
311,Seamus Abbott Dion,boy,202100312,68,72,63
312,Kisha Almus Rutherford,girl,202100313,96,4,62
313,Bluford Schley Alpheus,boy,202100314,64,5,35
314,Ingram Handy Valentine,boy,202100315,24,39,48
315,Zilpha Kale Love,girl,202100316,42,97,57
316,Caroline Kirby Alto,boy,202100317,90,72,4
317,Tawanda Treyvon Aidan,girl,202100318,17,94,44
318,Chalmer Willaim Rose,boy,202100319,44,56,58
319,Neha Malcolm Jorden,girl,202100320,67,64,21
320,Peggie Casimiro Cedrick,girl,202100321,29,11,13
321,Adrain Gilman Carlton,boy,202100322,81,11,39
322,Jill Kevon Dejuan,girl,202100323,76,51,54
323,Willard Wilber Oakley,boy,202100324,85,16,92
324,Dominga Birt Austen,girl,202100325,43,93,23
325,Holly Seth Odell,boy,202100326,44,24,75
326,Taliyah Keenen Casper,girl,202100327,100,9,6
327,Danelle Jaylon Franklyn,girl,202100328,98,83,52
328,Brigitte Furman Ladarius,girl,202100329,88,10,34
329,Gregory Sylvan Keshaun,boy,202100330,1,55,54
330,Louanna Clovis Michal,girl,202100331,87,81,4
331,Mariela German Osborn,girl,202100332,69,97,53
332,Florrie Tony Broderick,girl,202100333,64,47,67
333,Cierra Brandt Talen,girl,202100334,94,7,45
334,Charlene Farrell Kermit,girl,202100335,69,37,22
335,Kyrie Hubert Richie,girl,202100336,12,77,26
336,Brent Parley Spencer,boy,202100337,70,30,35
337,Oma Matias Estill,girl,202100338,25,6,96
338,Gerardo Eduardo Lisa,boy,202100339,6,48,80
339,Shreya Elzy Estill,girl,202100340,24,28,60
340,Lethia Irving Ida,girl,202100341,34,82,58
341,Shreya Lenwood Georgia,girl,202100342,31,62,19
342,Leilani Lindy Orin,girl,202100343,63,1,47
343,Mikel Dwaine Lamarcus,boy,202100344,97,84,29
344,Ah Sterling Trent,boy,202100345,20,53,27
345,Irl Gene Jamie,boy,202100346,57,62,67
346,Laraine Aurelio Gaetano,girl,202100347,69,54,49
347,Dann Kahlil Hung,boy,202100348,23,65,86
348,Audy Odis Remington,boy,202100349,53,87,90
349,Jann Jaxson Judson,girl,202100350,39,91,25
350,Yuliana Grafton Estes,girl,202100351,65,85,7
351,Cleveland Osie Sal,boy,202100352,91,21,24
352,Tyrell Lindsay Ignatz,boy,202100353,44,2,52
353,Ansel Nathanial Elizah,boy,202100354,86,23,97
354,Marquise Hazel Santos,boy,202100355,97,92,92
355,Kyrie Giancarlo Pierre,girl,202100356,43,65,40
356,Elliott Reid Hymen,boy,202100357,64,46,87
357,Shameka Emit Lessie,girl,202100358,45,76,45
358,Robert Raphael Babe,boy,202100359,49,38,90
359,Geoffrey Jaquez Heather,boy,202100360,53,83,32
360,Izabelle Benjamine Eli,girl,202100361,52,56,21
361,Willam Orland Harlan,boy,202100362,91,14,57
362,Llewellyn Marquise Irwin,boy,202100363,24,56,25
363,Burleigh Raquan Tayler,boy,202100364,71,27,9
364,Jacquelyn Che Stan,girl,202100365,65,87,44
365,Selena Garrett Aloysius,girl,202100366,90,14,63
366,Ozell Mahlon Alvy,boy,202100367,38,63,56
367,Shyla Clemence Banks,girl,202100368,14,87,47
368,Kylan Ezekiel Zion,boy,202100369,5,18,52
369,Melvin Purl Charlton,boy,202100370,87,24,41
370,Rosalind Dijon Ramsey,girl,202100371,73,35,89
371,Regina Kash Kenji,girl,202100372,41,90,59
372,Pearline Orrin Robbie,girl,202100373,90,25,13
373,Hortencia Jayson Anton,girl,202100374,46,75,33
374,Aubrey Shannon Reinaldo,boy,202100375,81,56,20
375,Emiliano Leopold Adrain,boy,202100376,84,63,93
376,Rolando Giovanni Nim,boy,202100377,37,87,62
377,Jayne Estel Saint,girl,202100378,76,44,84
378,Shasta Bertrand Deontae,girl,202100379,83,14,11
379,Hildegarde Seaborn Myer,girl,202100380,80,69,38
380,Nelly Marlo Yosef,girl,202100381,56,31,5
381,Sylvania Brion Ivey,girl,202100382,56,77,29
382,Georgiann Tylor Dominique,girl,202100383,97,2,58
383,Rettie Nora Gennaro,girl,202100384,86,1,35
384,Cinnamon Thorwald Esau,girl,202100385,49,16,25
385,Kaelyn Deonta Quinton,girl,202100386,21,69,76
386,Anastacia Felipe Graves,girl,202100387,49,2,76
387,Davon Fernando Isreal,boy,202100388,4,66,59
388,Prudence Alver Aiden,girl,202100389,3,91,66
389,Vander Giovanny Freddy,boy,202100390,43,57,0
390,Adolph Cleave Syed,boy,202100391,52,27,42
391,Verle Alfie Harrell,boy,202100392,2,99,35
392,Evette Carroll Landen,girl,202100393,68,51,56
393,Brynn Farrell Pearlie,girl,202100394,51,8,85
394,Edrie Claudie Omar,girl,202100395,92,15,72
395,Letty Luc Presley,girl,202100396,97,85,41
396,Alison Delmar Adam,girl,202100397,28,77,81
397,Dolores Claudio Emit,boy,202100398,13,19,59
398,Euphemia Preston Trevon,girl,202100399,79,5,5
399,Ely Mitch Festus,boy,202100400,1,54,55
400,Cindy Weston Jory,girl,202100401,97,27,20
401,Jere Belton Meyer,boy,202100402,62,99,24
402,Elizebeth Lawton Joshua,girl,202100403,60,45,28
403,Burnell Micheal Torrance,boy,202100404,34,32,81
404,Granville Shafter Barton,boy,202100405,91,3,23
405,Seldon Logan Randy,boy,202100406,49,66,30
406,Averi Markel Ignatz,girl,202100407,6,22,22
407,Brandie Shelby Jose,girl,202100408,14,55,29
408,Luvinia Zaire Garfield,girl,202100409,58,51,20
409,Cathrine Jay Darnell,girl,202100410,21,86,100
410,Cleola Kendal Trevion,girl,202100411,26,64,11
411,Landin Porfirio Add,boy,202100412,44,56,68
412,Georgeanna Smith Florencio,girl,202100413,21,58,1
413,Kelan Loyd Brayden,boy,202100414,74,5,41
414,Elvina Stuart Eustace,girl,202100415,65,85,97
415,Exa Clark Olin,girl,202100416,53,95,86
416,Almond Mat Gayle,boy,202100417,93,72,93
417,Nanie Little Lemon,girl,202100418,29,49,20
418,Elida Columbus Ewell,girl,202100419,17,19,80
419,Jeffry Halbert River,boy,202100420,74,19,83
420,Chyna Luther Brady,girl,202100421,64,24,1
421,Deidra Griffith Gerry,girl,202100422,45,5,55
422,Lorenzo Darren Mikel,boy,202100423,51,73,38
423,Carolee Tommy Rowland,girl,202100424,24,64,71
424,Peggy Reece Tyshawn,girl,202100425,27,51,21
425,Javen Callie Refugio,boy,202100426,92,20,3
426,Sherree Ethan Zaire,girl,202100427,65,31,63
427,Mearl Paul Lovell,boy,202100428,62,3,36
428,Leonardo Dayne Philo,boy,202100429,19,27,87
429,Ason Grant Alex,girl,202100430,95,9,84
430,Gaynell Trinidad Camden,girl,202100431,35,94,49
431,Anibal Raquan Beckett,boy,202100432,56,24,70
432,Nikia Adonis Jonas,girl,202100433,68,83,74
433,Kathlyn Delmus Elick,girl,202100434,35,52,8
434,Bernadine Thompson Ottie,girl,202100435,57,17,8
435,Trent Casey Hillard,boy,202100436,72,10,36
436,Deonte Hubbard Daquan,boy,202100437,23,62,52
437,Louvenia Rory Redden,girl,202100438,20,0,25
438,Krysten Mateo Rodrigo,girl,202100439,90,71,61
439,Augustin Milford Delos,boy,202100440,68,78,44
440,Ana Forrest Durrell,girl,202100441,61,58,83
441,Beaulah Hyrum Columbus,girl,202100442,37,86,7
442,Horton Jacob Maddox,boy,202100443,12,66,9
443,Hervey Coley Deangelo,boy,202100444,47,65,42
444,Baby Ronald Claudio,boy,202100445,46,53,26
445,Omar Elex Annie,boy,202100446,62,44,11
446,Kathleen Ed Justine,boy,202100447,91,5,31
447,Frederica Holmes Jamey,girl,202100448,92,12,37
448,Farrell Worley Donnie,boy,202100449,23,18,61
449,Venus Gil Joe,girl,202100450,78,62,36
450,Deontae Boysie Spencer,boy,202100451,52,13,93
451,Sylva Santana North,girl,202100452,86,85,53
452,Almer Nakia Yosef,boy,202100453,64,53,42
453,Darren Perley Sumner,boy,202100454,9,67,43
454,Dax Dillon Ayden,boy,202100455,72,86,53
455,Cayden Metro Kasen,boy,202100456,65,12,1
456,Kandice Jettie Norwood,girl,202100457,45,65,88
457,Ana Mattie Burnie,girl,202100458,92,44,82
458,Emiliano Abdullah Luka,boy,202100459,17,90,60
459,Pete Shafter Loran,boy,202100460,44,97,69
460,Glendora Amil Arvil,girl,202100461,36,19,96
461,Lidie Bradley Jesus,girl,202100462,10,26,78
462,Thor Orson Melton,boy,202100463,55,22,14
463,Chelsea Zayne Le,girl,202100464,24,39,94
464,Mellissa Gloria Opal,girl,202100465,52,83,65
465,Orin Arvo Martha,boy,202100466,100,95,25
466,Norbert Arnav Judson,boy,202100467,51,64,10
467,Brayan Sid Rene,boy,202100468,24,37,59
468,Indiana Laddie Dedrick,girl,202100469,69,17,74
469,Tanja Landin Courtland,girl,202100470,19,64,75
470,Fatima Friend Bailey,girl,202100471,12,33,22
471,Gunner Ashby Jaydon,boy,202100472,5,92,72
472,Hilbert Zollie Micah,boy,202100473,57,63,51
473,Samantha Effie Susie,boy,202100474,93,43,53
474,Margy Ryker Oran,girl,202100475,91,76,91
475,Doris Hermon Isam,boy,202100476,13,51,12
476,Aura Lillard Isai,girl,202100477,97,8,79
477,Hortencia Stacy Furman,girl,202100478,7,7,56
478,Averi Roderic Kaden,girl,202100479,80,15,94
479,Lupe Ronal Wilson,boy,202100480,21,4,39
480,Stevan Denzell Kurtis,boy,202100481,19,91,22
481,Krystle Oran Gilman,girl,202100482,6,26,36
482,Laddie Sonny Skylar,boy,202100483,31,96,86
483,Alois Darrell Peyton,boy,202100484,67,90,6
484,Vincenzo Saint Reid,boy,202100485,73,78,12
485,Cohen Octavius Wilkie,boy,202100486,46,35,53
486,Babe Gabe Roby,boy,202100487,66,74,65
487,Penni Terry Rayburn,girl,202100488,34,85,16
488,Kyree Bradly Nim,boy,202100489,14,18,15
489,Cooper Nathen Kelton,boy,202100490,87,61,12
490,Oda Lamar Seward,boy,202100491,37,27,55
491,Little Adrien Edsel,boy,202100492,22,59,75
492,Icie Shayne Maverick,girl,202100493,30,48,11
493,Sheryl Zenas Mearl,girl,202100494,21,21,97
494,Ivonne Donta Gerardo,girl,202100495,31,5,9
495,Easter Hank Erich,girl,202100496,23,80,26
496,Reid Omer Finley,boy,202100497,59,78,63
497,Dexter Ardell Angela,boy,202100498,54,23,56
498,Helga Romello Tyree,girl,202100499,80,74,60
499,Raoul Orin Tyquan,boy,202100500,49,97,49
500,Twila Conrad Jamal,girl,202100501,58,36,91
501,Darlene Othel Elder,girl,202100502,9,47,75
502,Elois Julius Unnamed,girl,202100503,6,52,61
503,Georgie Demetrios Christoper,boy,202100504,46,56,65
504,Luc Ceasar Colten,boy,202100505,2,90,97
505,Tanesha Hosie Hobson,girl,202100506,7,55,96
506,Renee Quentin Kelsey,girl,202100507,100,55,12
507,Verlon Jaydin Akira,boy,202100508,81,6,93
508,Jalynn Lyman Gilford,girl,202100509,25,8,97
509,Tamekia Ezekiel Lige,girl,202100510,17,82,11
510,Pearle Silver Lyn,girl,202100511,97,9,83
511,Noble Jelani Hjalmar,boy,202100512,96,10,74
512,Agustin Kegan Milas,boy,202100513,54,41,47
513,Grayce Landin Talan,girl,202100514,81,40,57
514,Lamont Lyle Hartwell,boy,202100515,80,40,40
515,Nolia Hester Aaron,girl,202100516,45,73,74
516,Merry Irvin Kiley,girl,202100517,90,35,44
517,Heather Derik Mikal,boy,202100518,89,12,62
518,Gannon Virgie Hallie,boy,202100519,18,36,69
519,Giovanna Harris Corbin,girl,202100520,76,99,2
520,Annetta Makhi Lance,girl,202100521,18,49,3
521,Mustafa Ewell Clifton,boy,202100522,79,91,78
522,Thelma Carlos Errol,boy,202100523,98,36,42
523,Shannan Izaiah Lucky,girl,202100524,21,90,34
524,Alina Jerrel Lafe,girl,202100525,32,33,6
525,Sharita Odie Collin,girl,202100526,54,15,21
526,Orene Marco Christop,girl,202100527,15,2,76
527,Elaine Ezra Simpson,girl,202100528,70,10,55
528,Kendra Odin Kayden,girl,202100529,93,100,43
529,Jules Arnoldo Aydin,boy,202100530,17,84,46
530,Tonia Jairo Delwin,girl,202100531,33,2,99
531,Aleen French Branson,girl,202100532,37,95,90
532,Oral Casimiro Jesse,boy,202100533,27,98,100
533,Prentice Abram Jaylan,boy,202100534,59,83,28
534,Blaine Jody Clark,boy,202100535,38,57,94
535,Andy Tilman Katherine,boy,202100536,28,60,60
536,Gearld Killian Almon,boy,202100537,31,94,50
537,Jobe Aedan Wendell,boy,202100538,29,66,56
538,Lorna Young Larkin,girl,202100539,52,64,27
539,Sheldon Pleas Khalil,boy,202100540,42,31,77
540,Vincenza Niles Amon,girl,202100541,55,93,57
541,Zhane Luigi Firman,girl,202100542,26,56,75
542,Donnell Randal Dennie,boy,202100543,0,8,82
543,Stefan Gilbert Rickie,boy,202100544,39,74,17
544,Loring Verl Hurley,boy,202100545,57,23,77
545,Almedia Teagan Isiah,girl,202100546,37,29,81
546,Myrl Roswell Valentino,boy,202100547,98,91,78
547,Djuna Martell Derrell,girl,202100548,61,81,70
548,Ira Jamal Levon,boy,202100549,0,11,80
549,Theron Cristian Lyman,boy,202100550,29,10,55
550,Kathleen Albertus Budd,boy,202100551,96,1,27
551,Ariana Jeffie Mychal,girl,202100552,50,54,15
552,Debera Auther Terrence,girl,202100553,8,42,21
553,Rebecca Jones Antwain,boy,202100554,84,91,37
554,Dandre Morris Rollo,boy,202100555,41,38,85
555,Jamarcus Keith Emile,boy,202100556,40,14,94
556,Rome Rufus Harvey,boy,202100557,49,89,85
557,Corwin Rose Shellie,boy,202100558,82,88,36
558,Jake Aydin Peter,boy,202100559,66,10,46
559,Luke Hyman Omer,boy,202100560,82,46,58
560,Corinne Dashawn Hobart,girl,202100561,94,59,82
561,Emmett Kelvin Clide,boy,202100562,81,25,76
562,Shanita Nancy Aurthur,girl,202100563,55,12,10
563,Racheal Mattie Job,girl,202100564,24,31,53
564,Kermit Algernon Osborne,boy,202100565,76,66,14
565,Blair Cristobal Effie,boy,202100566,73,41,7
566,Lovell Autry Stanley,boy,202100567,62,98,85
567,Ras Kiefer Kaiden,boy,202100568,60,91,70
568,Branden Ezekiel Wash,boy,202100569,74,15,65
569,Tami June Author,girl,202100570,17,15,53
570,Ashanti Weaver Elgin,girl,202100571,86,62,19
571,Linette Ronald Louis,girl,202100572,22,24,59
572,Keyla Arnett Isidor,girl,202100573,63,28,99
573,Rosann Raleigh Kylan,girl,202100574,7,85,31
574,Joanne Clare Jude,girl,202100575,7,80,48
575,Morgan Agustus Kayden,boy,202100576,0,39,49
576,Deonta Trumaine Butler,boy,202100577,21,18,93
577,Salma Davin Konnor,girl,202100578,57,40,24
578,Al Ephraim Elisha,boy,202100579,30,79,1
579,Karma Bert Alvie,girl,202100580,5,30,56
580,Kerrie Aaden Norbert,girl,202100581,30,53,35
581,Loris Winfield Phoenix,girl,202100582,56,94,52
582,Braiden Aaden Nils,boy,202100583,46,86,24
583,Donaciano Manley Miller,boy,202100584,33,92,68
584,Kiera Mikeal Haiden,girl,202100585,28,38,74
585,Leilani Emmanuel Gerry,girl,202100586,56,62,25
586,Joeseph Jesus Thaddeus,boy,202100587,65,20,56
587,Elwin Alfred Darrian,boy,202100588,97,74,24
588,Estill Elon Fabian,boy,202100589,77,83,35
589,Gregoria Seamus Ancil,girl,202100590,60,51,96
590,Laurie Harding Wayne,boy,202100591,88,32,7
591,Duwayne Jame Tylor,boy,202100592,35,27,38
592,Clement Jadiel Slade,boy,202100593,15,96,30
593,Abie Tevin Orris,boy,202100594,5,73,4
594,Luisa Benito Domonique,girl,202100595,46,99,80
595,Kristen Ellison Tyreek,boy,202100596,39,66,80
596,Jaxson Roscoe Scot,boy,202100597,38,44,77
597,Mathew Newman Nash,boy,202100598,48,46,22
598,Cherish Harrie Beckham,girl,202100599,84,60,82
599,Anne Greyson Kunta,girl,202100600,10,96,56
600,Sylvester Emit Jammie,boy,202100601,62,83,100
601,Pernell Ivan Rayburn,boy,202100602,50,91,43
602,Tammi Kareem Damian,girl,202100603,37,51,2
603,Karren Diallo Gilford,girl,202100604,30,3,11
604,Nathalie Florence Johnathan,girl,202100605,29,6,50
605,Duke Pearley Xavier,boy,202100606,27,14,15
606,Estefania Thedore Kegan,girl,202100607,21,75,91
607,Brandee Caesar Nunzio,girl,202100608,48,85,93
608,Fenton Leo Autry,boy,202100609,87,43,95
609,Lidia Toby Gaither,girl,202100610,39,11,7
610,Harlan Jarrett Lenord,boy,202100611,16,86,86
611,Montrell Nicholas Reinhold,boy,202100612,69,78,98
612,Paralee Antoine Cristofer,girl,202100613,68,44,21
613,Celeste Mark Marlin,girl,202100614,92,30,74
614,Rico Ashby Merlyn,boy,202100615,96,39,16
615,Austyn Adin Chuck,boy,202100616,42,16,91
616,Margaretta Najee Maximillian,girl,202100617,97,7,100
617,Pat Randel Archibald,boy,202100618,85,97,78
618,Shyann Fremont Darryl,girl,202100619,0,72,73
619,Tania Abram Keandre,girl,202100620,66,3,46
620,Austyn Homer Dorr,boy,202100621,43,88,47
621,Joanne Teddy Arnett,girl,202100622,47,100,13
622,Ola Roman Alexandro,boy,202100623,46,80,86
623,Stephan Christina Acey,boy,202100624,16,96,68
624,Suzanna Joaquin Gladstone,girl,202100625,39,93,93
625,Vannie Woodroe Rhett,girl,202100626,72,23,73
626,Lavada Brennon Guthrie,girl,202100627,9,8,92
627,Ritchie Mathew Marcello,boy,202100628,95,46,52
628,Elgin Ryder Amarion,boy,202100629,36,28,12
629,Silvia Collins Brandin,girl,202100630,92,11,17
630,Minda Cristofer Emile,girl,202100631,23,91,69
631,Shandra Dexter Ricky,girl,202100632,33,62,98
632,Morgan Tyrik Kit,boy,202100633,42,5,68
633,Georganna Luca Stewart,girl,202100634,37,39,0
634,Sandi Kyle Amare,girl,202100635,94,67,92
635,Terri Alpha Lionel,girl,202100636,28,25,6
636,Herminia Marie Laddie,girl,202100637,66,75,30
637,Elyssa Add Butler,girl,202100638,52,87,88
638,Anatole Gideon Micheal,boy,202100639,80,27,33
639,Maria Rand Marquis,boy,202100640,16,84,74
640,Gracie Early Donal,girl,202100641,88,24,88
641,Valery Marcellus Emory,girl,202100642,13,84,47
642,Antwon Hall Andrea,boy,202100643,59,3,71
643,Orene Max Wilber,girl,202100644,86,12,100
644,Sue Khari Johnnie,girl,202100645,93,16,43
645,Elzy Elizabeth Huey,boy,202100646,36,11,17
646,Dolph Larue Gerhard,boy,202100647,7,40,19
647,Loria Elsie Alvaro,girl,202100648,77,16,77
648,Lilah Josue Jame,girl,202100649,62,53,21
649,Mistie Chandler Kerwin,girl,202100650,49,65,62
650,Abraham Pranav Zigmund,boy,202100651,8,7,67
651,Orange Isai Arlo,boy,202100652,38,59,14
652,Jolie Milburn Wilbert,girl,202100653,34,69,86
653,Leslee Tyler Ova,girl,202100654,63,51,70
654,Noma Deacon Tyrique,girl,202100655,97,50,27
655,Grisel Sherwood Lorenz,girl,202100656,76,88,54
656,Gurney Shoji Jace,boy,202100657,35,7,60
657,Regina Lavern Pleas,girl,202100658,69,9,25
658,Mal Burnell Stafford,boy,202100659,35,93,25
659,Signe Donovan Colbert,girl,202100660,63,64,64
660,Saniyah Lovell Marcel,girl,202100661,16,70,55
661,Rob Bessie Junior,boy,202100662,60,86,91
662,Aleena Titus Powell,girl,202100663,83,33,4
663,Mckayla Travon Beatrice,girl,202100664,4,89,52
664,Madisyn Tallie Dexter,girl,202100665,42,61,41
665,Lucy Levie Derrell,boy,202100666,68,16,57
666,Traci Rachel Reese,girl,202100667,51,31,78
667,Kellen Hjalmer Dominique,boy,202100668,74,27,14
668,Ardell Erby Kadin,boy,202100669,16,26,85
669,Donn Rayshawn Estel,boy,202100670,13,29,22
670,Johney Jamarcus Welton,boy,202100671,40,92,79
671,Jonatan Rusty Troy,boy,202100672,76,43,60
672,Leatha Ryne Daniel,girl,202100673,15,10,38
673,Ples Demarcus Alston,boy,202100674,40,72,29
674,Mustafa Robin Wilmer,boy,202100675,63,6,67
675,Laron Adan Gay,boy,202100676,69,80,45
676,Exie Rolla Fay,girl,202100677,65,47,94
677,Elouise Luther Lane,girl,202100678,93,62,5
678,Rosaline Stacy Napoleon,girl,202100679,75,61,85
679,Boyd Selmer Shad,boy,202100680,15,20,57
680,Littie Darrius Sterling,girl,202100681,97,90,60
681,Berniece Kenny Roscoe,girl,202100682,22,71,2
682,Terrance Urijah Alf,boy,202100683,71,35,3
683,Shad Adams Nathen,boy,202100684,73,92,61
684,Shep Amy Isai,boy,202100685,83,54,49
685,Cordella Donovan Taj,girl,202100686,5,34,94
686,Wilburn Koby Kane,boy,202100687,27,50,72
687,Alycia Jaden Bradford,girl,202100688,1,60,42
688,Krystin Linwood Zollie,girl,202100689,37,37,4
689,Leonel Ellsworth Lew,boy,202100690,26,14,31
690,Ivana Gloria Antony,girl,202100691,47,16,53
691,Nikhil Harl Russell,boy,202100692,94,34,74
692,Malvina Kellan Bartley,girl,202100693,66,11,25
693,Kendra Simmie Marland,girl,202100694,30,50,73
694,Tari Rashaan Antonio,girl,202100695,28,81,28
695,Greyson Deane Ashton,boy,202100696,4,14,21
696,Denise Mamie Webster,girl,202100697,53,17,2
697,Helena Jamie Carol,girl,202100698,86,44,33
698,Mattye Sid Ewin,girl,202100699,89,86,82
699,Karsyn Millard Randolph,girl,202100700,67,31,10
700,Thedore Arne Jamari,boy,202100701,33,35,9
701,Winfield Markus Jerold,boy,202100702,42,11,86
702,Jordyn Thurman Pete,boy,202100703,100,8,27
703,Houston Rylan Knox,boy,202100704,53,40,16
704,Augustin Alfonso Lloyd,boy,202100705,89,78,43
705,Lashawn Jerrold Conway,boy,202100706,47,83,68
706,Sierra Stonewall Adrian,girl,202100707,57,16,11
707,China Andreas Rocco,girl,202100708,15,85,80
708,Wynona Samual Doc,girl,202100709,42,89,98
709,Christiana Augustin Pete,girl,202100710,8,64,13
710,Hunt Jeremiah French,boy,202100711,24,80,81
711,Jens Della Wilhelm,boy,202100712,32,3,47
712,Tony Sawyer Newt,boy,202100713,54,53,95
713,Denzel Jarvis Orren,boy,202100714,32,0,55
714,Ottis Demarion Arlen,boy,202100715,37,13,55
715,Ian Johnny Lonny,boy,202100716,5,73,13
716,Sherwood Damon Alessandro,boy,202100717,60,77,98
717,Windy Davonta Samson,girl,202100718,46,75,93
718,Lizbeth Americo Earley,girl,202100719,81,89,42
719,Kalyn Prentiss Judah,girl,202100720,3,2,28
720,Thursa Norwood Bessie,girl,202100721,70,16,41
721,Milburn Jaydon Durwood,boy,202100722,44,18,54
722,Dana Giovani Claire,boy,202100723,5,95,53
723,Thurman Ramiro Ephram,boy,202100724,77,92,58
724,Philo Alexzander Bridger,boy,202100725,43,25,89
725,Alta Olive Hayward,boy,202100726,11,15,50
726,Metha Rondal Vince,girl,202100727,21,21,40
727,Eli Julien Cornel,boy,202100728,95,6,11
728,Alexys Glover Adrain,girl,202100729,25,99,14
729,Mckinley Farris Hunt,boy,202100730,74,39,15
730,Lilie Benton Sigurd,girl,202100731,30,56,92
731,Juan Gil Polk,boy,202100732,19,34,41
732,Milan Osborne Hale,boy,202100733,17,76,78
733,Michal Jahir Marie,boy,202100734,6,62,72
734,Mellisa Wayne Damarion,girl,202100735,15,73,34
735,Citlalli Duncan Jeffery,girl,202100736,7,33,13
736,Abraham Tavares Owen,boy,202100737,45,35,49
737,Lura Rhett Evert,girl,202100738,52,22,6
738,Deanne Phoenix Corwin,girl,202100739,85,72,60
739,Boss Cullen Guilford,boy,202100740,40,6,84
740,Shanae Tyrese Warner,girl,202100741,5,46,74
741,Magdalen Dereck Dejuan,girl,202100742,7,90,16
742,Renae Jedidiah Harry,girl,202100743,2,3,13
743,Stormy Williams Donavon,girl,202100744,17,66,51
744,Lula Davonta Chin,boy,202100745,45,71,57
745,Salina Ruby Ishmael,girl,202100746,84,68,7
746,Tasha Janet Bessie,girl,202100747,26,42,26
747,Ella Ovid Erving,boy,202100748,97,65,72
748,Levie Genie Ervin,boy,202100749,57,31,17
749,Armand Nasir Lew,boy,202100750,76,76,7
750,Manila Michal Lavar,girl,202100751,99,76,31
751,Federico Abel Tavares,boy,202100752,69,64,93
752,Tammie Merl Isam,girl,202100753,55,11,1
753,Winton Deshaun Emett,boy,202100754,79,60,76
754,Babyboy Brody Gennaro,boy,202100755,73,41,91
755,Florida Arman Chalmer,girl,202100756,40,51,77
756,Stanislaus Lonnie Shafter,boy,202100757,10,5,71
757,Oneida Eloy Odis,girl,202100758,51,39,68
758,Kala Trey Jadon,girl,202100759,58,59,5
759,Amon Makai Estevan,boy,202100760,64,57,16
760,Eithel Ryker Wilmer,girl,202100761,61,34,28
761,Cam Creed Mark,boy,202100762,78,56,27
762,Raven Della Elon,boy,202100763,1,39,83
763,Ora Geo Caiden,boy,202100764,51,25,56
764,Laureen Woodroe Barbara,girl,202100765,93,45,83
765,Rowena Tucker Emma,girl,202100766,49,30,15
766,Landin Rolando Ottis,boy,202100767,76,90,21
767,Kale Ellison Allen,boy,202100768,90,24,8
768,Elliana Laurence Emile,girl,202100769,82,2,25
769,Retta Tyrese Curtis,girl,202100770,30,20,81
770,Bryce Denver Lamont,boy,202100771,92,6,53
771,Amber Vander Simmie,girl,202100772,52,74,11
772,Signa Adalberto Blain,girl,202100773,55,54,40
773,Lacie Keyshawn Regan,girl,202100774,69,12,94
774,Quintin Bruno Durell,boy,202100775,30,51,50
775,Mason Virgel Sandy,boy,202100776,89,48,57
776,Lucia Ardell Kellen,girl,202100777,94,35,91
777,Madelene Matthew Gino,girl,202100778,39,62,41
778,Dwain Spurgeon Lupe,boy,202100779,89,17,54
779,Tandy Antony Ottis,boy,202100780,60,95,82
780,Myrtle Holden Duke,boy,202100781,80,10,54
781,Whitney Edson Littleton,boy,202100782,26,64,76
782,Savana Emma Titus,girl,202100783,41,82,40
783,Velva Ada Oren,girl,202100784,29,79,53
784,Franklin Darron Oscar,boy,202100785,68,11,53
785,Kaylee Lee Demarion,girl,202100786,96,15,38
786,Lawanda Zed Demetric,girl,202100787,20,71,91
787,Orvin Levin Arnett,boy,202100788,85,46,48
788,Oren Jame Pernell,boy,202100789,19,34,59
789,Alonzo Artis Glenn,boy,202100790,23,81,71
790,Susana Lora Coen,girl,202100791,89,41,28
791,Jed Gino Buren,boy,202100792,88,7,89
792,Watt Tristian Wong,boy,202100793,72,16,88
793,Scottie Unnamed Alvaro,boy,202100794,71,18,62
794,Mercy York Keith,girl,202100795,7,82,45
795,Cheyenne Giovanni Terell,boy,202100796,4,75,84
796,Orris Schuyler Timmy,boy,202100797,37,48,50
797,Alida Kenney Bluford,girl,202100798,79,13,5
798,Rosalind Whit Anson,girl,202100799,22,83,86
799,Georgianna Albertus Seaborn,girl,202100800,44,41,9
800,Savanna Truman Ebb,girl,202100801,47,37,55
801,Del Osborn Devyn,boy,202100802,74,43,42
802,Bernadine Jovan Tory,girl,202100803,30,57,88
803,Verena Arlington Haven,girl,202100804,10,14,20
804,Luvenia Aurelio Gee,girl,202100805,48,96,96
805,Konnor Gerry Jimmie,boy,202100806,19,84,81
806,Jovita Hall Dorothy,girl,202100807,0,69,40
807,Elbert Zeke Denny,boy,202100808,18,83,80
808,Dayle Lloyd Preston,girl,202100809,52,74,9
809,Mara Bernie Eula,girl,202100810,19,22,45
810,Stefanie Whit Flem,girl,202100811,1,18,43
811,Rahsaan Federico Ryder,boy,202100812,39,69,37
812,Aydin Dante Kennith,boy,202100813,69,70,90
813,Dayna Alois Vinson,girl,202100814,46,93,17
814,Lue Aric Ulises,boy,202100815,10,32,76
815,Gwyneth Almer Leonce,girl,202100816,85,99,54
816,Liz Yusuf Owens,girl,202100817,29,28,50
817,Orlena Tallie Kalen,girl,202100818,57,56,3
818,Hailee Holly Hansel,girl,202100819,40,83,39
819,Horace Monroe Thurston,boy,202100820,58,74,31
820,Harrell Verna Claiborne,boy,202100821,20,2,45
821,Deidra Sawyer Hiram,girl,202100822,44,27,57
822,Edyth Marchello Ali,girl,202100823,27,21,6
823,Helena Jaylen Alver,girl,202100824,0,40,79
824,Pinkney Keenen Elwyn,boy,202100825,87,54,91
825,Briley Kiel Sigurd,girl,202100826,68,46,99
826,Claire Justyn Damari,boy,202100827,60,69,70
827,Jackie Susie Laurel,boy,202100828,4,39,45
828,Yael Lacey Deontae,boy,202100829,47,45,79
829,Maximo Glenwood Anastacio,boy,202100830,31,55,43
830,Ashly Knute Canyon,girl,202100831,13,59,83
831,Katharyn Ramiro Anderson,girl,202100832,98,19,26
832,Judie Linda Marlon,girl,202100833,18,53,68
833,Sharif Delos Jonah,boy,202100834,1,28,26
834,Newman Huey Amin,boy,202100835,34,85,34
835,Oralia Manuel Agustin,girl,202100836,22,23,75
836,Rosario Roberto Isidor,boy,202100837,72,15,90
837,Andre Antonia Miguelangel,boy,202100838,24,42,99
838,Ernestina Leroy Ritchie,girl,202100839,24,83,16
839,Noreen Beckett Shannon,girl,202100840,43,71,33
840,Deandra Jax Rayburn,girl,202100841,69,65,27
841,Docia Mace Chet,girl,202100842,63,5,31
842,Merilyn Rhett Jamel,girl,202100843,44,7,74
843,Jacky Joy Manford,boy,202100844,73,44,38
844,Jerad Colin Cristofer,boy,202100845,56,73,19
845,Louvenia Dozier Herschel,girl,202100846,80,67,99
846,Maverick Thurman Camryn,boy,202100847,57,57,89
847,Tallie Keyshawn Gene,boy,202100848,46,51,43
848,Kirstie Julius Wiley,girl,202100849,26,0,39
849,Starling Winfred Dequan,boy,202100850,94,61,11
850,Arthor Jacob Kristian,boy,202100851,30,44,98
851,Janiya Camron Josiah,girl,202100852,14,79,79
852,Harm Elsworth Donn,boy,202100853,7,64,1
853,Donte Carmen Amarion,boy,202100854,20,96,68
854,Kisha Emmitt Damon,girl,202100855,70,11,81
855,Louis Kieran Alto,boy,202100856,65,24,15
856,Lorayne Levon Jerrold,girl,202100857,4,40,70
857,Delfina Guss Curley,girl,202100858,2,22,13
858,Erica Cliff Tristen,girl,202100859,64,55,35
859,Garett Lillian Alexis,boy,202100860,16,73,47
860,Cassie Michal Levar,boy,202100861,93,57,88
861,Charlize Johney Tolbert,girl,202100862,51,34,20
862,Russel Linden Dale,boy,202100863,67,34,19
863,Elisabeth Lew Sumner,girl,202100864,88,95,63
864,Josephus Rhys Malvin,boy,202100865,66,32,35
865,Manford Buck Lucio,boy,202100866,17,13,95
866,Jeanne Darin Emmit,girl,202100867,54,5,68
867,Hardie Luigi Nils,boy,202100868,8,84,20
868,Burnett Shay Codi,boy,202100869,0,47,85
869,Debera Jess Waymon,girl,202100870,77,26,24
870,Laquita Jones Bertha,girl,202100871,4,50,2
871,Roland Junior Waylon,boy,202100872,38,44,67
872,Tamekia Enoch Jaime,girl,202100873,28,39,32
873,Fredrick Judy Dickie,boy,202100874,87,61,53
874,Alysha Dana Harman,girl,202100875,8,74,46
875,Lucile Kim Shaun,girl,202100876,67,55,40
876,Collier Finis Tad,boy,202100877,69,65,44
877,Deron Deangelo Stoney,boy,202100878,61,47,45
878,Vergil Jammie Kadyn,boy,202100879,78,10,55
879,Karyl Jadiel Almus,girl,202100880,63,91,30
880,Amani Herb Eugenio,girl,202100881,37,79,0
881,Grayson Zain Javion,boy,202100882,63,5,66
882,Lacie Zachary Reed,girl,202100883,64,47,18
883,Brande Dorian Freeman,girl,202100884,73,26,99
884,Deforest Darby Bryson,boy,202100885,48,63,21
885,Janae Hayward Humberto,girl,202100886,76,93,89
886,Sammie Ramon Lester,boy,202100887,81,73,13
887,Oland Meyer Chase,boy,202100888,53,80,50
888,Philomene Iver Jayvion,girl,202100889,82,55,7
889,Dewitt Linton Brain,boy,202100890,15,86,81
890,Brinda Angel Arvid,girl,202100891,39,54,12
891,Rhianna Marquez Hamza,girl,202100892,91,45,64
892,Tomie Parley Tobin,boy,202100893,43,15,41
893,Jaylee Hasan Waylon,girl,202100894,73,13,92
894,Shep Jamin Plummer,boy,202100895,78,80,52
895,Lia Darren Denzil,girl,202100896,13,58,77
896,Jaymes Brien Seamus,boy,202100897,42,61,13
897,Jedediah Reino Odie,boy,202100898,47,80,73
898,Roosevelt Tyquan Unnamed,boy,202100899,82,84,85
899,Lidia Noble Warren,girl,202100900,53,86,21
900,Vesta Less Lisa,girl,202100901,38,26,34
901,Katherine Gerrit Devon,boy,202100902,20,98,80
902,Missie Milburn Rusty,girl,202100903,60,29,3
903,Ishaan Tab Edna,boy,202100904,67,88,68
904,Donna Tomie Tyrel,boy,202100905,18,28,13
905,Concepcion Blaise Jaeden,girl,202100906,89,44,42
906,Danelle Oda Dante,girl,202100907,87,19,5
907,Yulissa Ola Arne,girl,202100908,17,59,96
908,Emry Nathaniel Kash,boy,202100909,43,10,8
909,Ronal Owen Stanley,boy,202100910,45,77,80
910,Kelcie Simeon Jarred,girl,202100911,48,86,78
911,Lona Haden Gail,girl,202100912,29,8,67
912,Briana Cason Parley,girl,202100913,1,39,33
913,Caryn Rice Roman,girl,202100914,87,58,55
914,Conor Bryton Lyric,boy,202100915,33,92,19
915,Chanelle Darrell Isam,girl,202100916,30,40,8
916,Cinnamon Gavin Coby,girl,202100917,63,84,77
917,Pauline Columbus Jonathon,boy,202100918,19,70,32
918,Caitlynn Walt Eloy,girl,202100919,35,18,43
919,Levon Rey Hardin,boy,202100920,87,23,56
920,Dorthea Less Gino,girl,202100921,13,93,85
921,Pam Mae Sandy,girl,202100922,66,38,72
922,Delsie Taj Max,girl,202100923,50,12,86
923,Lawson Jaydin Antione,boy,202100924,31,64,74
924,Georgiann Bradly Heath,girl,202100925,76,1,70
925,Meghan Abram Case,girl,202100926,1,12,4
926,Jorge Johnnie Freeman,boy,202100927,85,63,71
927,Angelita Tayler Stonewall,girl,202100928,47,53,27
928,Maya Dereck Ronan,girl,202100929,33,19,71
929,Quentin Kash Jeffery,boy,202100930,90,95,54
930,Quintin Helen Pat,boy,202100931,55,35,62
931,Kasen Ezra Sherrill,boy,202100932,76,76,77
932,Libbie Deontae Kelton,girl,202100933,8,36,100
933,Mazie Trevor Jace,girl,202100934,15,69,12
934,Georgine Laura Samson,girl,202100935,53,100,68
935,Allena Gerrit Jerald,girl,202100936,59,15,94
936,Napoleon Killian Rylan,boy,202100937,90,78,12
937,Rubin Jamari Eustace,boy,202100938,7,49,59
938,Jamil Boone Blas,boy,202100939,64,5,98
939,Oakley Jamari Ozell,boy,202100940,99,45,97
940,Menachem Memphis Herbert,boy,202100941,89,50,6
941,Brian Elby Dylan,boy,202100942,17,4,81
942,Dequan Thos Owen,boy,202100943,8,14,96
943,Ester Anthony Matt,boy,202100944,91,17,93
944,Luka Ernesto Nestor,boy,202100945,71,58,59
945,Shavonne Clemence Elsie,girl,202100946,96,79,89
946,Mohammad Stanley Del,boy,202100947,68,19,45
947,Seth Namon Nancy,boy,202100948,46,38,49
948,Leticia Robt Augustin,girl,202100949,19,61,4
949,Clotilda Dillard Buford,girl,202100950,40,95,63
950,Nels Andres Ah,boy,202100951,80,47,62
951,Waymon Kristofer Glenn,boy,202100952,89,74,20
952,Dayami Shawn Jalon,girl,202100953,51,55,98
953,Gabriella Jovany Kieran,girl,202100954,74,36,95
954,Hardie Terrell Carlo,boy,202100955,46,5,34
955,Shatara Wes Justin,girl,202100956,58,71,72
956,Deborah Paris Eber,boy,202100957,27,90,41
957,Raoul Orin Lashawn,boy,202100958,45,28,50
958,Arman French Olin,boy,202100959,38,80,41
959,Waverly Arlin Dillion,boy,202100960,75,79,41
960,Nikita Sherwin Lucious,girl,202100961,53,89,82
961,Kieran Kyle Fate,boy,202100962,2,28,99
962,Ananias Dequan Royce,boy,202100963,37,94,85
963,Lyndon Trae Baldwin,boy,202100964,92,37,22
964,Shawnda Keandre Davy,girl,202100965,29,47,58
965,Manuel Bird Marquis,boy,202100966,51,91,34
966,Shawnna Kingston Yael,girl,202100967,32,28,77
967,Bascom Egbert Jarret,boy,202100968,56,17,2
968,Gwendolyn Marshall Judson,girl,202100969,81,52,93
969,Loran Tobin Beverly,boy,202100970,25,12,68
970,Nichol Bentley Dwight,girl,202100971,96,47,3
971,Shanta Dolph Buren,girl,202100972,80,65,74
972,Nohely Broderick Woodson,girl,202100973,44,21,12
973,Williemae Jair Alpha,girl,202100974,5,79,96
974,Suzann Dylon Hazel,girl,202100975,63,9,24
975,Harvy Albion Jelani,boy,202100976,79,58,57
976,Reanna Pat Willy,girl,202100977,16,12,62
977,Arie Germaine Kwame,girl,202100978,13,96,1
978,Elle Makhi Josiah,girl,202100979,10,19,2
979,Caddie Furman Bayard,girl,202100980,12,11,6
980,Leatha Garrick Nicky,girl,202100981,82,49,96
981,Walton Tammy Melvin,boy,202100982,82,8,86
982,Ciji Torey Andrea,girl,202100983,60,0,87
983,Bayard Cliff Alice,boy,202100984,100,59,60
984,Hannah Davy Orville,girl,202100985,61,48,32
985,Kareem Gideon Jimmie,boy,202100986,41,62,18
986,Eda Lars Hoover,girl,202100987,97,22,30
987,Fatima Norbert Faustino,girl,202100988,4,90,11
988,Inez Vere Lew,girl,202100989,0,10,52
989,Roslyn River Shon,girl,202100990,58,15,73
990,Katharyn Steve Ronald,girl,202100991,52,21,68
991,Barrie Leland Jeffie,boy,202100992,74,20,72
992,Bernetta Domonique Elwin,girl,202100993,94,12,18
993,Leda Ellsworth Luster,girl,202100994,94,41,8
994,Leonora Louise Kahlil,girl,202100995,52,21,80
995,Lexis Thurston Algernon,girl,202100996,2,35,72
996,Bebe Ellis Dedric,girl,202100997,27,26,49
997,Giada Kellen Matthew,girl,202100998,40,59,79
998,Davy Donny Devonte,boy,202100999,2,4,43
999,Tara Lyle Mose,girl,202101000,42,94,47
1000,Sybilla Arvel Lonie,girl,202101001,43,88,70
1001,Brea Liam Garett,girl,202101002,11,28,94
1002,Aiden Dustin Obed,boy,202101003,98,80,33
1003,Destry Arnett Donal,boy,202101004,6,7,33
1004,Shelba Clayton Mariano,girl,202101005,30,26,37
1005,Jefferson Codie Friend,boy,202101006,16,79,28
1006,Bjorn Armani Edmond,boy,202101007,23,88,54
1007,Signa Wilton Sanford,girl,202101008,44,90,34
1008,Rocky Kole Lafayette,boy,202101009,37,82,39
1009,Jo Stanford Lester,girl,202101010,22,19,32
1010,Florine Doyle Caleb,girl,202101011,41,40,69
1011,Tressie Metro Otha,girl,202101012,95,8,36
1012,Gennie Crawford Dakota,girl,202101013,70,22,94
1013,Earnest Red Donnie,boy,202101014,4,27,81
1014,Merrily Jabez Loring,girl,202101015,46,39,70
1015,Fuller Edsel Laquan,boy,202101016,9,34,0
1016,Jettie Llewellyn Deon,boy,202101017,18,79,67
1017,Bee Orin Solomon,boy,202101018,57,51,52
1018,Khloe Gavin Henderson,girl,202101019,79,65,93
1019,Erwin Justyn Lucian,boy,202101020,77,67,32
1020,Kaylynn Alton Hiram,girl,202101021,5,13,31
1021,Adam Damarcus Hazel,boy,202101022,65,38,61
1022,Rolland Spurgeon Cicero,boy,202101023,22,65,44
1023,Lawanda Birt Jaheim,girl,202101024,15,86,20
1024,Mattie Jule Shemar,boy,202101025,75,25,10
1025,Mcarthur Harold Madden,boy,202101026,45,1,86
1026,Tommy Delma Wes,boy,202101027,91,19,39
1027,Jeff Ambrose Kim,boy,202101028,33,29,7
1028,Ron Reece Conrad,boy,202101029,93,88,47
1029,Keyshawn Amari Orrin,boy,202101030,60,53,1
1030,Rashaad Jackson Kelan,boy,202101031,72,2,93
1031,Carmelo Merritt Amerigo,boy,202101032,49,12,89
1032,Georgia Walker Chaim,boy,202101033,49,56,74
1033,Nana Kennard Lacey,girl,202101034,19,92,95
1034,Diya Quinten Math,girl,202101035,44,27,1
1035,Carlee Efren Javion,girl,202101036,98,3,3
1036,Penny Edmund Whitney,girl,202101037,85,16,69
1037,Mell Tilman Toshio,boy,202101038,34,79,84
1038,Reba Heath Aurelio,girl,202101039,48,2,26
1039,Bynum Refugio Braxton,boy,202101040,41,0,67
1040,Skyla Sylvan Clemon,girl,202101041,64,38,18
1041,Austyn Jerry Iverson,boy,202101042,43,81,76
1042,Elaine Pranav Rayford,girl,202101043,76,32,34
1043,Loris Tristin Harl,girl,202101044,49,22,22
1044,Gibson Rahul Osvaldo,boy,202101045,65,40,26
1045,Keira Arther Kendrick,girl,202101046,80,68,39
1046,Evia Cullen Ignacio,girl,202101047,95,88,77
1047,Clarissa Pete Elliott,girl,202101048,60,9,52
1048,Titus Jones Reynaldo,boy,202101049,27,56,97
1049,Maralyn Matt Ronin,girl,202101050,60,22,15
1050,Gina Marquise Ignatz,girl,202101051,53,24,87
1051,Cain Michal Fount,boy,202101052,49,75,28
1052,Art Knute Beckham,boy,202101053,3,33,85
1053,Daunte Scot Carolyn,boy,202101054,4,69,61
1054,Lawyer Hayward Mary,boy,202101055,54,26,76
1055,Kipp Kaden Avery,boy,202101056,40,51,97
1056,Jarrett Javen Frederick,boy,202101057,3,28,71
1057,Dedric Jax Leonce,boy,202101058,20,94,13
1058,Marcia Keyon Clint,girl,202101059,29,2,19
1059,Carli Florentino Fabian,girl,202101060,80,24,85
1060,Zella Kirby Hobert,girl,202101061,91,95,22
1061,Ena Enrico Laura,girl,202101062,75,56,53
1062,Dayse Eliga Alger,girl,202101063,96,56,65
1063,Carmelo Malaki Clara,boy,202101064,69,19,32
1064,Jasiah Olaf Elsie,boy,202101065,97,11,17
1065,Nannie Eleanor Danial,girl,202101066,52,36,100
1066,Rilla Hansel Braiden,girl,202101067,62,55,65
1067,Mila Marquise Kenton,girl,202101068,99,13,40
1068,Metta Archibald Shoji,girl,202101069,44,42,97
1069,Trisha Octave Douglas,girl,202101070,7,56,92
1070,Jacquelynn Eric Rashawn,girl,202101071,97,76,20
1071,Fern Reid Edward,boy,202101072,65,51,33
1072,Holden Ariel Willaim,boy,202101073,34,84,49
1073,Dylan Esco Simon,boy,202101074,77,92,72
1074,Rosie Andres Niles,girl,202101075,15,31,65
1075,Dessa Toshio Jasiah,girl,202101076,59,46,41
1076,Julianne Virgle Atha,girl,202101077,68,53,93
1077,Cherryl Antony William,girl,202101078,8,25,19
1078,Kenney Esau Pearl,boy,202101079,15,87,19
1079,Theodora Pranav Walter,girl,202101080,7,90,46
1080,Augustin Brody Ike,boy,202101081,24,48,72
1081,Vito Clark Arlin,boy,202101082,51,60,16
1082,Naoma Arthor Aarav,girl,202101083,68,82,39
1083,Cari Dink Tilman,girl,202101084,92,75,32
1084,Sharman Masao Gerold,girl,202101085,89,57,67
1085,Carolann Nash Franz,girl,202101086,16,19,24
1086,Marvin Lish Zenas,boy,202101087,10,41,0
1087,Gustie Ernesto Yusuf,girl,202101088,10,33,96
1088,Bascom Brady Dominik,boy,202101089,11,5,59
1089,Boysie Benito Finn,boy,202101090,82,9,30
1090,Orvin Michal Primus,boy,202101091,17,8,24
1091,Fredericka Kieth Lem,girl,202101092,54,24,65
1092,Ernestine Emile Draven,girl,202101093,19,84,84
1093,Tonja Aloysius Bruno,girl,202101094,34,82,90
1094,Benjman Alvia Offie,boy,202101095,91,62,47
1095,Eldred Alcee Burrel,boy,202101096,67,41,18
1096,Armstead Kadyn Donovan,boy,202101097,15,53,26
1097,Jamar Nigel Demian,boy,202101098,21,46,61
1098,Therese Sylvanus Foy,girl,202101099,31,96,17
1099,Mansfield Aden Leland,boy,202101100,99,96,13
1100,Sky Dempsey Hillery,girl,202101101,73,87,76
1101,Nohely Yair Josef,girl,202101102,26,32,6
1102,Aletha Chauncey Amos,girl,202101103,13,96,4
1103,Javon Allan Emanuel,boy,202101104,92,63,36
1104,Lilyan Jake Derrek,girl,202101105,99,57,79
1105,Franz Johnpaul Quintin,boy,202101106,43,99,19
1106,Casandra Ocie Ruffus,girl,202101107,38,43,10
1107,Jayden Karl Deonta,boy,202101108,70,90,62
1108,Monna Dudley London,girl,202101109,23,18,55
1109,Alla Keven Arno,girl,202101110,15,83,46
1110,Alton Rashaan Lenord,boy,202101111,100,10,61
1111,Albertine Ronnie Cornel,girl,202101112,60,86,13
1112,Rahn Efrem Ovid,boy,202101113,59,69,33
1113,Cordie Arland Isai,girl,202101114,54,12,32
1114,Audie Dixie Dewey,boy,202101115,57,17,36
1115,Esley Evert Travis,boy,202101116,63,97,90
1116,Clemente Julia Ritchie,boy,202101117,26,97,7
1117,Irva Arley Bridger,girl,202101118,50,71,65
1118,Viola Atha Beau,boy,202101119,44,20,53
1119,Margaretta Gerrit Jaydon,girl,202101120,74,100,55
1120,Jayvion Minoru Enrico,boy,202101121,44,59,22
1121,Wood Derrick Jones,boy,202101122,64,5,20
1122,Anthoney Ezra Dewitt,boy,202101123,96,57,72
1123,Randolph Archer Osborne,boy,202101124,64,8,77
1124,Texas Adin Rossie,girl,202101125,26,59,87
1125,Dante Caiden Scott,boy,202101126,74,85,60
1126,Donovan Sabastian Andres,boy,202101127,98,48,8
1127,Drusilla Johny Cas,girl,202101128,85,11,66
1128,Deana Edmund Vergil,girl,202101129,1,47,22
1129,Irwin Micky Bret,boy,202101130,20,0,62
1130,Candace Gustavus Brandin,girl,202101131,27,36,73
1131,Glenwood Elzie Vivian,boy,202101132,24,99,10
1132,Peggy Carmen Stanislaus,girl,202101133,78,86,71
1133,Patricia Lue Reese,boy,202101134,68,75,19
1134,Marlee Meyer Jermaine,girl,202101135,49,1,5
1135,Chrissy Jeffry Ethan,girl,202101136,78,10,24
1136,Matthias Diego Hugh,boy,202101137,39,10,17
1137,Cydney Irvine Talmadge,girl,202101138,69,28,0
1138,Linn Mitchell Jacob,boy,202101139,32,72,51
1139,Enola Domenico Beckham,girl,202101140,68,92,5
1140,Malaya Ambrose Desean,girl,202101141,32,87,54
1141,Madlyn Hiram Wilford,girl,202101142,62,1,20
1142,Fonda Purl Yee,girl,202101143,7,18,79
1143,Colter Samir Stanton,boy,202101144,75,79,7
1144,Cherrelle Quint Aden,girl,202101145,48,82,62
1145,Gusta Reubin Wilber,girl,202101146,24,27,60
1146,Love Anton Male,boy,202101147,97,99,23
1147,Colt Ivor Richmond,boy,202101148,19,38,18
1148,Pattie Alphonsus Chas,girl,202101149,25,4,70
1149,Mattye Hosea Dane,girl,202101150,73,11,8
1150,Madison Carlyle Luther,boy,202101151,7,48,40
1151,Elliot Marcus Emma,boy,202101152,44,70,70
1152,Kailyn Stephon Edith,girl,202101153,60,52,12
1153,Candis Love Aditya,girl,202101154,97,30,51
1154,Candis Rakeem Jovanny,girl,202101155,77,50,34
1155,Ether Cap Wylie,girl,202101156,56,6,86
1156,Raymundo Jagger Octave,boy,202101157,72,37,10
1157,Delila Freddy Jesse,girl,202101158,35,45,48
1158,Ephram Minnie Herschel,boy,202101159,47,19,16
1159,Coby Asberry Burney,boy,202101160,89,55,54
1160,Eldred Christoper Alex,boy,202101161,35,77,93
1161,Lynette Tatsuo Deonte,girl,202101162,40,54,54
1162,Shona Gussie Case,girl,202101163,67,69,61
1163,Merry Hilario Vernie,girl,202101164,28,97,10
1164,Wright Eula Epifanio,boy,202101165,75,53,79
1165,Cherryl Hosteen Martell,girl,202101166,76,65,23
1166,Monika Vollie Octave,girl,202101167,72,63,60
1167,Lassie Kyan Harold,girl,202101168,70,83,31
1168,Savanah Rickey Boris,girl,202101169,70,73,96
1169,Nettie Talan Landyn,girl,202101170,2,56,6
1170,Juana Amari Zechariah,girl,202101171,66,50,97
1171,Deneen Kadin Edmond,girl,202101172,40,39,72
1172,Hilario Melton Menachem,boy,202101173,64,74,12
1173,Samira Mickey Jethro,girl,202101174,91,0,57
1174,Fredie Eliezer Don,boy,202101175,39,49,20
1175,Wayne Al Roy,boy,202101176,90,41,33
1176,Bertram Bradford Bernice,boy,202101177,95,84,84
1177,Carey Lacey Kenan,boy,202101178,58,23,18
1178,Sheldon Jamir Buren,boy,202101179,95,94,77
1179,Dagny Yoel Perley,girl,202101180,75,68,62
1180,Desmond Adron Henery,boy,202101181,23,14,97
1181,Trevon Redmond Orlando,boy,202101182,1,60,6
1182,Hideo Jens Denny,boy,202101183,59,62,31
1183,Red Patricia Jessy,boy,202101184,46,39,28
1184,Isobel Bernie Virgie,girl,202101185,20,66,95
1185,Avis Willam Demarco,girl,202101186,75,15,46
1186,Guthrie Clearence Alwin,boy,202101187,16,81,71
1187,Hennie Nat Tad,girl,202101188,40,98,97
1188,Mickie Rex Matthew,girl,202101189,15,70,34
1189,Destinee Koby Mikel,girl,202101190,18,39,56
1190,Schuyler Odus Ada,boy,202101191,68,8,73
1191,Calista Laron Jett,girl,202101192,32,26,39
1192,Lenord Karl Sergio,boy,202101193,17,94,94
1193,Ofelia Levern Obie,girl,202101194,42,51,15
1194,Nolie Arne Schuyler,girl,202101195,24,9,50
1195,Gaither Brandy Conard,boy,202101196,66,61,47
1196,Linus Darwin Michial,boy,202101197,93,13,34
1197,Harlene Reggie Amerigo,girl,202101198,88,86,49
1198,Grecia Ella Murry,girl,202101199,10,11,37
1199,Bama Tilman Worley,girl,202101200,14,98,40
1200,Doreen Teagan Shanon,girl,202101201,54,73,80
1201,Rodrigo Diane Trent,boy,202101202,87,89,6
1202,Merrilee Ammon Atlas,girl,202101203,17,33,86
1203,Jill Rick Kadeem,girl,202101204,57,11,63
1204,Vertie Guido Kian,girl,202101205,72,42,49
1205,Ronny Josh Audy,boy,202101206,2,88,73
1206,Alto Fernando Skip,boy,202101207,25,1,24
1207,Nyree Wheeler Stetson,girl,202101208,22,56,77
1208,Nyah Murray Telly,girl,202101209,25,20,24
1209,Lesia Darian Ennis,girl,202101210,8,2,48
1210,Buddie Eugene Encarnacion,boy,202101211,61,51,59
1211,Clay Raekwon Bolden,boy,202101212,2,82,45
1212,Orrie Maude Baby,boy,202101213,14,39,70
1213,Imani Marion Shade,girl,202101214,39,67,26
1214,Una Justyn Irvine,girl,202101215,24,37,50
1215,Urban Rod Dereon,boy,202101216,65,42,3
1216,Soren Pate Burnice,boy,202101217,19,5,70
1217,Latricia Flem Rafe,girl,202101218,53,25,57
1218,Katie Geoff Fielding,girl,202101219,9,63,23
1219,Easton Jajuan Rick,boy,202101220,10,37,11
1220,Polly Wilbur Raleigh,girl,202101221,38,41,66
1221,Jame Mathew Crockett,boy,202101222,43,46,25
1222,Thedore Erie Jasmine,boy,202101223,49,68,59
1223,Latrina George Jadiel,girl,202101224,47,43,7
1224,Erie Ferrell Meyer,boy,202101225,70,21,35
1225,Edgar Harmon Daunte,boy,202101226,42,29,5
1226,Bernardine Wiliam Doug,girl,202101227,38,35,36
1227,Gregorio Burley Hayden,boy,202101228,54,46,11
1228,Antwain Kelly Monty,boy,202101229,40,29,50
1229,Jacklyn Ott Barton,girl,202101230,90,25,88
1230,Sharyn Terance Rutherford,girl,202101231,70,6,91
1231,Gerri Claudie Jadiel,girl,202101232,77,84,84
1232,Rollie Santana Claire,boy,202101233,61,11,50
1233,Mauricio Darrien Wilton,boy,202101234,26,95,100
1234,Lavenia Corbett Salvador,girl,202101235,97,66,13
1235,Katharina Mabel Asbury,girl,202101236,14,15,78
1236,Marcela Shaquille Wm,girl,202101237,57,23,15
1237,Arnetta Jerrell Evan,girl,202101238,9,90,4
1238,Emely Rube Raymon,girl,202101239,37,28,27
1239,Katlynn Dwayne Jonas,girl,202101240,17,31,71
1240,Omie Johnny Otis,girl,202101241,0,29,3
1241,Rhiannon Nancy Jaquez,girl,202101242,23,100,31
1242,Joann Halley Mervin,girl,202101243,62,86,35
1243,Cordero Montie Guido,boy,202101244,62,20,11
1244,Alisson Kordell Davie,girl,202101245,67,78,31
1245,Galilea Emry Aubra,girl,202101246,10,61,71
1246,Kassie Moody Joey,girl,202101247,72,84,7
1247,Wash Hilliard Anderson,boy,202101248,47,24,30
1248,Lynette Skip Houston,girl,202101249,71,36,7
1249,Elia Romello Winifred,girl,202101250,14,1,27
1250,Linus Masao Kyle,boy,202101251,6,38,34
1251,Kasey Lennie Kale,boy,202101252,55,14,47
1252,Park Arlie Foch,boy,202101253,33,62,4
1253,Jaclyn Darwyn Trevon,girl,202101254,13,89,1
1254,Vergil Danniel Jarrett,boy,202101255,64,80,49
1255,Dillie Linton Hunt,girl,202101256,75,43,15
1256,Ruby Dimitri Jacoby,boy,202101257,27,67,51
1257,Danika Demetri Hadley,girl,202101258,73,98,48
1258,Jared Amerigo Wenzel,boy,202101259,72,62,89
1259,Judson Orville Luster,boy,202101260,9,53,13
1260,Fleming Shedrick Ross,boy,202101261,66,20,79
1261,Carrie Ada Rueben,boy,202101262,79,33,84
1262,Hayes Rolf Fed,boy,202101263,56,33,9
1263,Erastus Gennaro Mohamed,boy,202101264,42,32,76
1264,Felipe Audie Reece,boy,202101265,55,1,24
1265,Paulo Walton Kerwin,boy,202101266,36,35,92
1266,Finley Omar Ransom,boy,202101267,61,14,58
1267,Madlyn Matthew Ott,girl,202101268,57,59,41
1268,Granville Octavius Manuel,boy,202101269,86,12,44
1269,Doretha Ernst Fannie,girl,202101270,22,7,40
1270,Zhane Winton Graves,girl,202101271,9,1,69
1271,Trena Pascal Oswald,girl,202101272,33,38,85
1272,Manuelita Amanda Zackary,girl,202101273,94,63,4
1273,Amil Esco Lemuel,boy,202101274,100,31,75
1274,Remington Denzell Ezekiel,boy,202101275,35,50,96
1275,Deeann Adan Immanuel,girl,202101276,56,89,92
1276,Alberto Chandler Cade,boy,202101277,0,0,91
1277,Channing Isaac Verl,boy,202101278,4,45,44
1278,Farrell Tyrique Nellie,boy,202101279,47,98,89
1279,Tarah Dejon Hoke,girl,202101280,53,51,87
1280,Gerardo Dondre Callum,boy,202101281,18,95,2
1281,Ura Fidel Rebecca,girl,202101282,54,28,93
1282,Kenney Golden Latrell,boy,202101283,100,16,15
1283,Kacie Teddie Yoshio,girl,202101284,65,63,86
1284,Delpha Johnathon Messiah,girl,202101285,70,30,57
1285,Kathryne Lora Hansford,girl,202101286,67,74,2
1286,Sussie Fielding Guadalupe,girl,202101287,65,66,37
1287,Dayami Hermon Nicolas,girl,202101288,14,90,22
1288,Lessie Pleasant Korbin,boy,202101289,44,9,12
1289,Lydia Seaborn Harold,girl,202101290,83,57,88
1290,Priscilla Aubrey Charls,girl,202101291,49,35,63
1291,Tarah Rustin Toy,girl,202101292,8,47,87
1292,Cordella Wilber Ace,girl,202101293,48,84,76
1293,Alton Guido Archie,boy,202101294,77,70,46
1294,Liam Kay Corwin,boy,202101295,61,42,99
1295,Patrica Wilson Hans,girl,202101296,11,64,9
1296,Otha Gifford Fount,boy,202101297,89,15,94
1297,Daisie Les Sandy,girl,202101298,18,89,29
1298,Brittani Hillard Rasheed,girl,202101299,52,69,75
1299,Kaylee Oneal Lott,girl,202101300,91,83,32
1300,Aydin Merwin Pedro,boy,202101301,19,33,46
1301,Darell Olof Harvy,boy,202101302,43,94,88
1302,Romie Amare Denny,boy,202101303,39,74,10
1303,Andy Robin Shad,boy,202101304,35,17,24
1304,Twyla Jorge Damarion,girl,202101305,67,53,98
1305,Adelard Kendal Alcide,boy,202101306,99,21,23
1306,Maureen Rian Obie,girl,202101307,82,5,47
1307,Tavian Grant Mose,boy,202101308,76,100,82
1308,Farah Marques Harrold,girl,202101309,80,90,67
1309,Gee Sabastian Barbara,boy,202101310,31,91,76
1310,Easter Owen Jadon,girl,202101311,88,39,81
1311,Elbert Kerwin Jerrad,boy,202101312,68,34,40
1312,Jeannette Huston Knute,girl,202101313,62,59,0
1313,Monna Reubin Bobbie,girl,202101314,52,16,13
1314,Stanton Bayard Derrek,boy,202101315,4,61,58
1315,Orvin Codi Eduardo,boy,202101316,3,81,43
1316,Evalena Bascom Holmes,girl,202101317,72,89,65
1317,Austin Alois Willard,boy,202101318,68,3,41
1318,Dakotah Hosie Dejuan,boy,202101319,9,76,2
1319,Janiyah Dominik Kristofer,girl,202101320,41,69,0
1320,Makai Otha Carolyn,boy,202101321,87,31,99
1321,Tea Rush Harman,girl,202101322,75,12,55
1322,Nikole Toby Gilmore,girl,202101323,91,71,76
1323,Deanne Marquez Jasiah,girl,202101324,33,53,74
1324,Scarlett Eusebio Lawton,girl,202101325,81,70,84
1325,Spenser Matteo Frank,boy,202101326,63,89,23
1326,James Rod Hamilton,boy,202101327,53,63,15
1327,Randy Marley Bishop,boy,202101328,19,75,38
1328,Dove Acy Sherwin,girl,202101329,27,27,87
1329,Clayton Braedon Jarred,boy,202101330,15,72,11
1330,Zoie Rex Burl,girl,202101331,30,73,3
1331,Keandre Americo Clemens,boy,202101332,69,76,47
1332,Willia Damien Danial,girl,202101333,94,48,15
1333,Pierre Herbert Jamaal,boy,202101334,59,81,41
1334,Purl Duane Omer,boy,202101335,14,42,44
1335,Audrey Mustafa Captain,boy,202101336,71,88,30
1336,Jaydin Lige Luis,boy,202101337,23,26,74
1337,Tilla Lucky Harlie,girl,202101338,88,46,51
1338,Beatrix Brent Gail,girl,202101339,73,10,48
1339,Art Montgomery Fernand,boy,202101340,55,5,0
1340,Cody Giovanny Melissa,boy,202101341,22,42,70
1341,Nealy Braylen Marquise,girl,202101342,63,27,22
1342,Alysha Deane Antwon,girl,202101343,27,39,100
1343,Christiana Jadiel Alex,girl,202101344,81,5,37
1344,Domonique Donell Jax,boy,202101345,13,12,16
1345,Tiny Colter Blake,girl,202101346,42,0,20
1346,Darrius Kirby Meyer,boy,202101347,26,11,21
1347,Marceline Metro Jeremie,girl,202101348,30,62,85
1348,Annice Nunzio Jamil,girl,202101349,37,4,24
1349,Leatrice Derick Noel,girl,202101350,81,85,25
1350,Kaitlyn Demarco Lorenz,girl,202101351,45,75,39
1351,Orla Greyson General,boy,202101352,35,92,70
1352,Logan Paxton Alec,boy,202101353,77,3,30
1353,Patience Darian Ransom,girl,202101354,4,50,76
1354,Shawn Laurance Page,boy,202101355,4,48,93
1355,Grant Vincenzo Mason,boy,202101356,80,3,5
1356,Vicente Crockett Lillard,boy,202101357,49,10,40
1357,Cayden Wells Max,boy,202101358,80,55,64
1358,Oneal Houston Galen,boy,202101359,96,36,83
1359,Bartley Kit Julia,boy,202101360,79,78,91
1360,Cleve Lynwood Foster,boy,202101361,86,43,2
1361,Orren Brooks Miller,boy,202101362,36,0,57
1362,Meyer Nash Carlo,boy,202101363,3,73,61
1363,Eva Dallin Carson,boy,202101364,88,44,37
1364,Anika Garey Heather,girl,202101365,71,71,60
1365,Ruthann Casimir Tony,girl,202101366,71,54,68
1366,Sigurd Dean Quint,boy,202101367,64,98,11
1367,Encarnacion Mikhail Evertt,boy,202101368,4,76,55
1368,Devyn Derl Verne,boy,202101369,68,19,59
1369,Luanne Aarav Erling,girl,202101370,33,79,85
1370,Latrell Jermain Montie,boy,202101371,91,78,87
1371,Ricki Nicky Matt,boy,202101372,40,47,35
1372,Jair Maude Arlen,boy,202101373,36,50,81
1373,Velia Jason Elbert,girl,202101374,28,73,53
1374,Kaylyn Devante Estell,girl,202101375,9,77,15
1375,Franc Gladstone Torey,girl,202101376,87,17,74
1376,Elayne Tyrek Christian,girl,202101377,84,86,100
1377,Eleanore Ewald Marchello,girl,202101378,92,17,36
1378,Lorean Eustace Wesley,girl,202101379,45,11,64
1379,Chante Dorothy Raymon,girl,202101380,74,28,23
1380,Lillard Sarah Antony,boy,202101381,89,18,71
1381,Hillary Zion Quinn,boy,202101382,35,26,3
1382,Mahalie Judge Layton,girl,202101383,73,74,9
1383,Clarice Omer Vern,girl,202101384,91,8,68
1384,Leota Kevan Lindell,girl,202101385,96,10,12
1385,Gabrielle Baby Kelvin,girl,202101386,29,50,15
1386,Elwood Konnor Orville,boy,202101387,6,23,17
1387,Graham Tollie Anatole,boy,202101388,21,11,51
1388,Vikki Moises Levi,girl,202101389,48,7,68
1389,Ansley Kory Esther,girl,202101390,42,2,15
1390,Eola Toma Harlie,girl,202101391,75,30,64
1391,Aiden Caesar Malachi,boy,202101392,9,13,82
1392,Elihu Weldon Montgomery,boy,202101393,90,39,55
1393,Zaid Camden Brenton,boy,202101394,93,34,85
1394,Angeles Ritchie Monroe,girl,202101395,80,5,99
1395,Caesar Napoleon Meredith,boy,202101396,52,64,63
1396,Sada Lindbergh Urijah,girl,202101397,47,32,94
1397,Loda Samual Cortney,girl,202101398,25,63,51
1398,Mayo Jajuan Weston,boy,202101399,64,61,10
1399,Bert Gregory Markell,boy,202101400,61,36,30
1400,Sibbie Celestino Jahiem,girl,202101401,7,1,81
1401,Janette Ezzard Welton,girl,202101402,33,79,59
1402,Ashlie Hosie Adrian,girl,202101403,24,57,7
1403,Preston Alwin Rocky,boy,202101404,29,94,37
1404,Luvenia Audie Arlin,girl,202101405,46,55,76
1405,Foy Debra Monty,boy,202101406,55,42,89
1406,Gerardo Carroll Rudolph,boy,202101407,19,62,46
1407,Cornel Andres Otho,boy,202101408,28,59,36
1408,Jefferey Carol Dane,boy,202101409,11,66,93
1409,Marcellus Harvy Ottis,boy,202101410,25,16,47
1410,Sharlene Thor Jules,girl,202101411,31,46,70
1411,Ethen Geraldo Sydney,boy,202101412,50,31,42
1412,Monserrat Lark Luigi,girl,202101413,29,49,19
1413,Julius Beckett Kipp,boy,202101414,62,13,93
1414,Braeden Philip May,boy,202101415,64,54,58
1415,Ignatz Bridger Makai,boy,202101416,91,56,17
1416,Halle Mack Mahlon,girl,202101417,20,5,62
1417,Anais Domenic Linn,girl,202101418,82,99,4
1418,Esequiel Ancel Luca,boy,202101419,52,25,28
1419,Authur Mikhail Joe,boy,202101420,45,83,4
1420,Torrie Jess Richie,girl,202101421,2,7,17
1421,Daisie Kamari Mauro,girl,202101422,99,58,87
1422,Theresa Gregorio Conner,girl,202101423,99,18,91
1423,Warner Gussie Ayden,boy,202101424,14,22,15
1424,Margo Edison Storm,girl,202101425,92,55,100
1425,Tania Rahul Bobby,girl,202101426,27,52,8
1426,Ebba Tre Ell,girl,202101427,31,1,12
1427,Ramsey Conor Ozie,boy,202101428,22,5,57
1428,Harlan Luis Jermaine,boy,202101429,75,86,32
1429,Obe Cedrick Byrd,boy,202101430,48,92,4
1430,Josiah Markus Elvin,boy,202101431,100,1,83
1431,Hamp Spurgeon Cody,boy,202101432,45,64,62
1432,Reece Clemmie Gustavus,boy,202101433,41,10,70
1433,Zavier Darry Metro,boy,202101434,38,39,0
1434,Gladis Adrien Arnold,girl,202101435,75,42,75
1435,Leonie Alfredo Beecher,girl,202101436,10,53,18
1436,Eldridge Ella Deante,boy,202101437,53,63,68
1437,Paityn Derwin Izayah,girl,202101438,55,23,21
1438,Chrissie Horatio Wilson,girl,202101439,23,55,6
1439,Meghann Marlon Captain,girl,202101440,0,35,45
1440,Roosevelt Maddox Jaylen,boy,202101441,34,67,45
1441,Etna Thurman Collins,girl,202101442,31,72,74
1442,Ginger Nery Laron,girl,202101443,81,33,4
1443,Jeffery Tristian Ananias,boy,202101444,65,32,45
1444,Omari Henri Bird,boy,202101445,66,33,43
1445,Alina Hadley Brook,girl,202101446,40,81,89
1446,Shreya Addie Arnav,girl,202101447,33,68,30
1447,Daulton Paulo Brannon,boy,202101448,77,45,68
1448,Stephania Gerry Curtiss,girl,202101449,65,37,30
1449,Sal Parrish Bertha,boy,202101450,2,71,17
1450,Sherman Jeffery Lexie,boy,202101451,50,35,0
1451,Thomas Judson Tristen,boy,202101452,68,21,77
1452,Alexa Manly Lorenz,girl,202101453,14,58,40
1453,Phyllis Jeff Tyrell,girl,202101454,27,43,6
1454,Abbott Esco Kadyn,boy,202101455,79,32,70
1455,Gerold Konnor Agnes,boy,202101456,68,23,13
1456,Ethelyn Ronal Thomas,girl,202101457,24,100,30
1457,Haskell Tavon Floy,boy,202101458,50,78,14
1458,Tobie Roel Alphonsus,boy,202101459,20,42,63
1459,Hope Vere Imanol,boy,202101460,24,51,96
1460,Fritz Liston Vic,boy,202101461,64,22,89
1461,Easter Elsie Arlan,girl,202101462,75,5,89
1462,Zack Laurance Kazuo,boy,202101463,69,76,5
1463,Rylie Lola Godfrey,girl,202101464,94,80,61
1464,Crissie Alonzo Tristin,girl,202101465,43,22,13
1465,Buster Tye Redmond,boy,202101466,33,76,58
1466,Sheldon Jory Charlie,boy,202101467,13,27,3
1467,Ether Romie Conor,girl,202101468,53,27,2
1468,Orval Wirt Pink,boy,202101469,99,36,67
1469,Tamra Marrion Augustin,girl,202101470,85,95,83
1470,Ottie Maxwell Lora,boy,202101471,19,32,54
1471,Sharon Roll Haven,boy,202101472,32,19,75
1472,Shayna Trumaine Noe,girl,202101473,89,99,11
1473,Tevin Weaver Cleveland,boy,202101474,33,91,97
1474,Charlie Demario Sydney,boy,202101475,84,74,22
1475,Leyla Melbourne Jeffery,girl,202101476,9,41,58
1476,Nancie Sabastian Ryley,girl,202101477,81,27,35
1477,Shea Meyer Galen,boy,202101478,34,47,17
1478,Trent Gussie Angelo,boy,202101479,99,83,23
1479,Mignon Tayshaun Gussie,girl,202101480,67,91,50
1480,Newton Damon Margarito,boy,202101481,87,88,1
1481,Kimora Roe Cornel,girl,202101482,99,19,21
1482,Jerimy Stonewall Tristin,boy,202101483,26,41,88
1483,Rolland Budd Jaron,boy,202101484,83,47,49
1484,Tiana Bessie Brannon,girl,202101485,90,61,58
1485,Diamond Atha Coleman,boy,202101486,25,14,99
1486,Jaheim Abbie Marquise,boy,202101487,96,94,9
1487,Tyreese Jayden Zakary,boy,202101488,14,20,96
1488,Gray Trinidad Rico,boy,202101489,55,95,77
1489,Sherie Rose Pedro,girl,202101490,20,13,32
1490,Brionna Adolf Herb,girl,202101491,29,98,10
1491,Fay Lamarcus Mikal,boy,202101492,58,13,44
1492,Nyasia Randel Orvil,girl,202101493,73,16,34
1493,Harriett Bell Branch,girl,202101494,0,88,58
1494,Vesta Kadin Darrius,girl,202101495,20,8,26
1495,Toivo London Ronald,boy,202101496,20,11,16
1496,Arnulfo Romello Larue,boy,202101497,58,44,75
1497,Winnifred Franklin Erling,girl,202101498,55,73,71
1498,Van Alpheus Kavon,boy,202101499,68,43,28
1499,Lavona General Len,girl,202101500,95,40,33
1500,Enoch Eber Wells,boy,202101501,94,47,0
1501,Kipp Easton Moses,boy,202101502,60,40,31
1502,Chaya Trenton Milas,girl,202101503,60,12,27
1503,Nichelle Maverick Sawyer,girl,202101504,94,98,4
1504,Fidencio Michel Lyn,boy,202101505,39,63,70
1505,Lorna Ean Ahmad,girl,202101506,98,38,13
1506,Sherlyn Fenton Dozier,girl,202101507,13,28,58
1507,Alys Leandro Jered,girl,202101508,80,66,86
1508,Karis Terance Zander,girl,202101509,6,73,79
1509,Elby Rusty Johnson,boy,202101510,91,40,73
1510,Minna Jaquez Oda,girl,202101511,45,81,85
1511,Arne Deangelo Walton,boy,202101512,89,20,76
1512,Dina Debra Evan,girl,202101513,3,35,10
1513,Mckenna Marland Julius,girl,202101514,81,88,48
1514,Knute Adrian Giuseppe,boy,202101515,59,57,84
1515,Nita Stoney Lisle,girl,202101516,36,35,14
1516,Zula Elsie Rosevelt,girl,202101517,14,66,67
1517,Cleora Jed Ellison,girl,202101518,100,15,47
1518,Kaela Garold Evans,girl,202101519,93,93,27
1519,Holly Domenico Uriel,boy,202101520,53,43,36
1520,Marietta Betty Berkley,girl,202101521,72,41,32
1521,Cinda Quincy Malcolm,girl,202101522,66,38,47
1522,Burns Randle Willy,boy,202101523,36,96,56
1523,Gracia Einar Lorin,girl,202101524,38,78,29
1524,Wright Bryan Russell,boy,202101525,73,91,24
1525,Scarlett Mortimer Julien,girl,202101526,90,87,95
1526,Seamus Laurie Devin,boy,202101527,28,43,36
1527,Salomon Bynum Colin,boy,202101528,28,76,71
1528,Nikki Uriel Ritchie,girl,202101529,56,66,20
1529,Posey Frederic Yancy,boy,202101530,34,89,72
1530,Lida Jamar Milan,girl,202101531,18,69,93
1531,Lissette Deacon Pryor,girl,202101532,12,12,27
1532,Tony Daisy Redden,boy,202101533,31,23,47
1533,Sherree Anibal Curtis,girl,202101534,75,28,8
1534,Seaborn Susie Benjman,boy,202101535,22,3,49
1535,Blaine Mychal Mathews,boy,202101536,41,36,55
1536,Dani Roswell Regan,girl,202101537,54,80,81
1537,Sudie Geoffrey Demetrios,girl,202101538,57,22,30
1538,Coley Hosea Orley,boy,202101539,33,48,46
1539,Wilfredo Lucian Evan,boy,202101540,33,58,1
1540,Phil Zayden Kelvin,boy,202101541,30,89,91
1541,Little Mahlon Blane,boy,202101542,58,82,85
1542,Regis Lenny Mel,boy,202101543,70,33,58
1543,Marleen Ancel Orris,girl,202101544,54,40,11
1544,Connie Rudolf Einar,boy,202101545,82,47,34
1545,Vito Ester Asa,boy,202101546,31,12,38
1546,Annie Durward Loy,boy,202101547,24,57,51
1547,Jimena Patrick Dickie,girl,202101548,74,80,44
1548,Dionne Wilford Barry,girl,202101549,13,88,51
1549,Judson Ebb Edgar,boy,202101550,6,100,78
1550,Bryan Williams Julius,boy,202101551,98,32,67
1551,Cristopher Jaheem Yandel,boy,202101552,49,92,7
1552,Jinnie Garry Oris,girl,202101553,48,19,40
1553,Bart Miguel Malvin,boy,202101554,95,4,45
1554,Jonathon Gino Boysie,boy,202101555,62,76,48
1555,Blaine Jordi Bartholomew,boy,202101556,55,31,11
1556,Shalon Colie Lambert,girl,202101557,66,87,14
1557,Aydan Florentino Cliff,boy,202101558,77,89,18
1558,Lona Mickey Jettie,girl,202101559,13,94,12
1559,Nikolai Hanson Arthur,boy,202101560,99,55,61
1560,Ryland Hayden Jewell,boy,202101561,12,60,20
1561,Shelli Horacio Harvey,girl,202101562,84,59,83
1562,Wellington Keaton Rolf,boy,202101563,36,9,13
1563,Marvin Merton Amerigo,boy,202101564,33,42,12
1564,Namon Kael Abner,boy,202101565,68,66,1
1565,Rosanne Keon Jeremy,girl,202101566,89,72,71
1566,Veta Wayman Geo,girl,202101567,40,29,1
1567,Cornelius Rollie Immanuel,boy,202101568,40,57,1
1568,Stonewall Tillman Bailey,boy,202101569,42,10,39
1569,Georgiana Zebulon Roderic,girl,202101570,18,71,8
1570,Tanika Kris Jamel,girl,202101571,42,97,33
1571,Trena Vincent Jordy,girl,202101572,49,7,63
1572,Page Gabriel Mitchel,boy,202101573,20,33,21
1573,Nicholaus Arland Authur,boy,202101574,60,52,3
1574,Draven Arnett Clair,boy,202101575,70,3,24
1575,Oliva Tyrique Pedro,girl,202101576,96,86,41
1576,Jakob Dario Barton,boy,202101577,5,1,98
1577,Hattie Dimitrios Kalvin,boy,202101578,100,62,74
1578,Mathews Corbin Deryl,boy,202101579,64,30,6
1579,Orval Algernon Harve,boy,202101580,12,90,86
1580,Lindbergh Otha Javen,boy,202101581,62,6,72
1581,Leana Lavon Francis,girl,202101582,12,31,73
1582,Shandra Rowan Jeromy,girl,202101583,25,15,61
1583,Kadence Isham Marlin,girl,202101584,77,46,43
1584,Adelbert Terrill Barnett,boy,202101585,38,69,79
1585,Leva Loy London,girl,202101586,10,89,18
1586,Abby Erasmus Jay,girl,202101587,86,42,77
1587,Percival Zaire Quinton,boy,202101588,67,88,72
1588,Birdie Ignacio Rance,girl,202101589,31,19,52
1589,Heidy Olaf Collie,girl,202101590,70,38,20
1590,Gabrielle Ewing Moshe,girl,202101591,62,15,57
1591,Tex Nile Randolf,boy,202101592,59,43,85
1592,Hartwell Augustus Kamden,boy,202101593,9,44,12
1593,Yvette Nellie Kalen,girl,202101594,38,42,80
1594,Zandra Osie Darien,girl,202101595,57,12,76
1595,Kellan Archer Hudson,boy,202101596,5,23,41
1596,Oline Terrance Gil,girl,202101597,33,84,100
1597,Estill Buford Doris,boy,202101598,27,97,90
1598,Jacque Orlin Jakobe,girl,202101599,18,28,19
1599,Kaylan Ivy Ernst,girl,202101600,18,91,41
1600,Ami Jonatan Khalid,girl,202101601,77,88,91
1601,Anona Rayshawn Scot,girl,202101602,43,60,71
1602,Kazuo Luster Teddy,boy,202101603,10,34,81
1603,Rosann Littleton Lavar,girl,202101604,97,29,52
1604,Barry Colt Nello,boy,202101605,33,15,27
1605,Bryanna Rashad Mose,girl,202101606,57,88,63
1606,Jo Zenas Hudson,girl,202101607,12,70,96
1607,Violeta Kaden Gearld,girl,202101608,36,36,77
1608,Amiah Levar Alden,girl,202101609,18,78,68
1609,Carolyne Kole Che,girl,202101610,56,67,79
1610,Maxim Murdock Irene,boy,202101611,10,1,52
1611,Harrell Paxton Tyrik,boy,202101612,54,78,9
1612,Aloma Abel Seward,girl,202101613,12,53,97
1613,Winfred Juston Tomas,boy,202101614,86,30,16
1614,Alfonzo Evert Luther,boy,202101615,61,55,58
1615,Giada Hakim Germaine,girl,202101616,86,65,74
1616,Honora Freddy Barrie,girl,202101617,1,43,78
1617,Eller Alvaro Santana,girl,202101618,60,21,55
1618,Marin Mason Ralph,girl,202101619,22,49,7
1619,Mack Jeromy Talen,boy,202101620,34,65,79
1620,Brittanie Kadeem Rahul,girl,202101621,38,4,13
1621,Immanuel Jimmie Thedore,boy,202101622,80,77,67
1622,Tallie Dan Gustaf,boy,202101623,44,23,97
1623,Guilford Rossie Norton,boy,202101624,10,33,13
1624,Tessa Collier Dominique,girl,202101625,50,93,63
1625,Merrill Koda Greg,boy,202101626,69,22,64
1626,Lisette Rafael Gustav,girl,202101627,4,27,18
1627,Marge Scot Hans,girl,202101628,22,26,38
1628,Dawn Izayah Ester,girl,202101629,1,44,31
1629,Erle Jerimiah Ballard,boy,202101630,1,24,92
1630,Murphy Esta Humberto,boy,202101631,92,72,26
1631,Brenda Babyboy Gearld,boy,202101632,60,99,96
1632,Cesar Estell Trayvon,boy,202101633,87,85,61
1633,Turner Seldon Chadwick,boy,202101634,19,0,80
1634,Hazelle Esco Darrell,girl,202101635,30,44,79
1635,Olivia Holland Levy,girl,202101636,17,98,12
1636,Areli Najee Erie,girl,202101637,67,86,94
1637,Nana Hymen Hurbert,girl,202101638,57,78,51
1638,Venus Harlow Harold,girl,202101639,5,43,28
1639,Gauge Raiden Tavion,boy,202101640,65,22,2
1640,Kellen Amon Ada,boy,202101641,44,11,19
1641,Milissa Simon Colonel,girl,202101642,85,65,5
1642,Maritza Hobart Rodger,girl,202101643,85,42,100
1643,Sean Maxim Kamari,boy,202101644,60,19,68
1644,Grayce Syed Rudy,girl,202101645,27,19,29
1645,Llewellyn Taft Tuan,boy,202101646,68,96,2
1646,Frieda Mattie Bill,girl,202101647,40,27,93
1647,Bobbi Camryn Claudie,girl,202101648,34,13,59
1648,Jerrie Otis Blaze,girl,202101649,91,51,47
1649,Ellsworth Treyton Oland,boy,202101650,47,18,100
1650,Drema Jewel Gladstone,girl,202101651,4,92,44
1651,Micah Reynolds Linus,boy,202101652,65,2,22
1652,Sheryl Demond Morgan,girl,202101653,46,72,24
1653,Edwin Della Blake,boy,202101654,69,81,55
1654,Montrell Brennon Larue,boy,202101655,93,72,86
1655,Jenniffer Homer Thornton,girl,202101656,68,11,39
1656,Dyllan Keandre Estel,boy,202101657,65,86,45
1657,Christel Harrison Daryle,girl,202101658,8,2,79
1658,Kraig Odin Dejon,boy,202101659,9,22,51
1659,Almira Margarito Imanol,girl,202101660,25,90,0
1660,Teagan Levon Roswell,boy,202101661,24,45,22
1661,Scott Geary Tito,boy,202101662,90,41,72
1662,Georgene Mildred Robb,girl,202101663,80,16,3
1663,Kacey Kason Emmit,girl,202101664,14,20,55
1664,Roosevelt Brady Irving,boy,202101665,74,63,75
1665,Zilpha Finis Rowan,girl,202101666,92,34,27
1666,Cherelle Ruel Bernhard,girl,202101667,18,87,65
1667,Virgel Ivey Delbert,boy,202101668,85,32,0
1668,Blanch Tyrin Elick,girl,202101669,59,78,13
1669,Philomene Conley Kip,girl,202101670,12,33,39
1670,Portia Harlow Ora,girl,202101671,4,14,97
1671,Margret Madden Norbert,girl,202101672,26,63,31
1672,Marilyn Tillman Jeb,boy,202101673,52,84,71
1673,Jordon Kenji Chris,boy,202101674,28,61,96
1674,Jerrie Colby Darrell,girl,202101675,7,0,100
1675,Louella Elian Brandt,girl,202101676,11,79,25
1676,Lesia Durell Terence,girl,202101677,88,59,74
1677,Belia Millard Mordechai,girl,202101678,92,26,27
1678,Taurean Federico Tatsuo,boy,202101679,46,65,36
1679,Jetta Broderick Luciano,girl,202101680,98,92,2
1680,Brynn Kamren Saverio,girl,202101681,6,52,62
1681,Maryjo Simmie Nolan,girl,202101682,5,15,87
1682,Patty Demarcus Marlyn,girl,202101683,73,61,90
1683,Alecia Errol Jordyn,girl,202101684,83,40,93
1684,Minta Dewayne Obed,girl,202101685,87,91,92
1685,Demi Mac Harrell,girl,202101686,58,21,95
1686,Camila Korey Rahsaan,girl,202101687,75,79,48
1687,Khiry Tyron Conor,boy,202101688,12,55,43
1688,Elia Stefan Wilhelm,girl,202101689,84,31,66
1689,Shoji Teddy Alba,boy,202101690,95,7,8
1690,Virgia Merrill Alexandro,girl,202101691,79,72,38
1691,Carley Tim Oran,girl,202101692,7,25,66
1692,Jaquan Ryland Laura,boy,202101693,67,99,60
1693,Nakia Obie Ova,boy,202101694,72,66,64
1694,Shaniqua Len Torrey,girl,202101695,83,5,9
1695,Ervin Agnes Shaquan,boy,202101696,59,70,1
1696,Abagail Shepherd Ali,girl,202101697,11,64,93
1697,Jaliyah Ross Dwaine,girl,202101698,84,62,61
1698,Vallie Vick Osborn,girl,202101699,20,100,33
1699,Beadie Jovanni Amare,girl,202101700,2,11,5
1700,Rianna Foy Desi,girl,202101701,48,10,99
1701,Laddie Callum Mont,boy,202101702,39,73,72
1702,Soren Theadore Abbie,boy,202101703,26,93,76
1703,Alexa Izayah Erik,girl,202101704,22,5,79
1704,Tawnya Juwan Horacio,girl,202101705,20,7,4
1705,Harman Perry Oran,boy,202101706,1,41,59
1706,Collette Mace Nick,girl,202101707,96,4,97
1707,Clement Eldred River,boy,202101708,49,83,5
1708,Axel Ernesto Gino,boy,202101709,75,94,87
1709,Marni Cecil Paxton,girl,202101710,42,22,77
1710,Ignatz Dominick Chaz,boy,202101711,73,12,40
1711,Tyrik Bernard Desi,boy,202101712,6,61,100
1712,Matthew Marques Alvah,boy,202101713,7,1,54
1713,Latifah Fremont Keifer,girl,202101714,2,66,4
1714,Hezekiah Harvey Olie,boy,202101715,39,84,81
1715,Emile Addison Terance,boy,202101716,71,53,30
1716,Domenic Littleton Clark,boy,202101717,61,81,98
1717,Jordy Boyd Toivo,boy,202101718,0,39,100
1718,Cathrine Enzo Leonel,girl,202101719,4,35,52
1719,Alondra Lary Orange,girl,202101720,100,47,16
1720,Eppie Hank Davey,girl,202101721,2,21,1
1721,Zenobia Harris Rocky,girl,202101722,54,49,32
1722,Long Lamonte Arman,boy,202101723,67,8,42
1723,Agustin Kiyoshi Heath,boy,202101724,22,22,63
1724,Marcia Cohen Weaver,girl,202101725,24,6,57
1725,Lorelai Jerimiah Ryley,girl,202101726,69,27,58
1726,Lynda Jonah Loy,girl,202101727,92,8,91
1727,Iver Vernie Darrius,boy,202101728,27,56,22
1728,Graciela Eugenio Alphonse,girl,202101729,65,87,96
1729,Jalon Marion Hart,boy,202101730,18,70,45
1730,Algie Jovani Arman,boy,202101731,14,10,78
1731,Laverna Rufus Allison,girl,202101732,49,63,11
1732,Mckayla Carolyn Jadiel,girl,202101733,48,33,35
1733,Mariana Jaheim Nelson,girl,202101734,98,80,24
1734,Dorinda Arvil Bode,girl,202101735,75,2,73
1735,Demarcus Talmadge Dominique,boy,202101736,49,39,13
1736,Craig Bradyn Mat,boy,202101737,81,86,33
1737,Candice Ernesto Darion,girl,202101738,6,50,12
1738,Jenna Mitchel Hunt,girl,202101739,21,56,40
1739,Dania Destry Keith,girl,202101740,87,85,2
1740,Laisha Carlie Jay,girl,202101741,35,52,55
1741,Omie Darell Delma,girl,202101742,38,16,16
1742,Raheem Obe Coleton,boy,202101743,54,12,46
1743,Garner Donavan Rice,boy,202101744,91,14,44
1744,Kiarra Valentine Amon,girl,202101745,59,63,80
1745,Romeo Karl Gilmore,boy,202101746,51,6,21
1746,Desmond Noel Price,boy,202101747,68,13,90
1747,Wanda Montgomery Murray,girl,202101748,86,63,14
1748,Garold Jeffry Lovell,boy,202101749,70,1,69
1749,Jeb Refugio Nathanael,boy,202101750,4,21,34
1750,Ulysses Nora Ottis,boy,202101751,47,25,71
1751,Shaniya Javier Cain,girl,202101752,9,41,63
1752,Ludie Giuseppe Harley,girl,202101753,15,97,15
1753,Era Anwar Dickie,girl,202101754,86,15,62
1754,Alcie Fleet Kathleen,girl,202101755,35,98,12
1755,Gerhardt Finley Kayden,boy,202101756,24,75,0
1756,Octavius Selmer Finnegan,boy,202101757,26,83,45
1757,Estelle Tye Lynn,girl,202101758,29,92,46
1758,Desean Deacon Collins,boy,202101759,0,22,61
1759,Dorman Woodson Shaun,boy,202101760,51,89,78
1760,Kandice Deangelo Tyrin,girl,202101761,59,74,72
1761,Barbie Carlisle Robbie,girl,202101762,65,1,75
1762,Charmaine Tayler Barry,girl,202101763,0,85,23
1763,Pinkey Eldridge Tyshawn,girl,202101764,70,43,66
1764,Leigh Leo Lenon,boy,202101765,50,16,74
1765,Burl Haiden Carmine,boy,202101766,85,82,60
1766,Delphine Guido Nello,girl,202101767,27,15,88
1767,Ilma Uriah Lovell,girl,202101768,86,89,49
1768,Lorelai Jonathan Dessie,girl,202101769,14,48,50
1769,Alecia Steward Rosendo,girl,202101770,37,33,9
1770,Clarissa Dow Elvis,girl,202101771,92,48,55
1771,Deanne Orin Forrest,girl,202101772,1,100,71
1772,Wyman Cato Fabian,boy,202101773,11,4,67
1773,Idell Butler Benito,girl,202101774,94,84,15
1774,Brennon Cloyd Rasheed,boy,202101775,41,62,43
1775,Joellen Ott Benjiman,girl,202101776,18,95,56
1776,Demario Jame Colton,boy,202101777,24,26,98
1777,Welton Hilliard Lenwood,boy,202101778,2,37,98
1778,Ladarius Elliott Damon,boy,202101779,51,27,59
1779,Lollie Amos Hilton,girl,202101780,63,55,53
1780,General Sie Napoleon,boy,202101781,44,41,94
1781,Krista Jagger Verlyn,girl,202101782,29,9,10
1782,Kindra Leander Bertie,girl,202101783,88,27,34
1783,Pierce Gorge Lennie,boy,202101784,64,83,44
1784,Lucina Garret Cooper,girl,202101785,25,21,33
1785,Jadiel Kash Jamison,boy,202101786,32,85,56
1786,Forrest Rutherford Hollie,boy,202101787,85,62,32
1787,Lillianna Kinte Shayne,girl,202101788,69,92,63
1788,Lera Miner Erich,girl,202101789,4,81,40
1789,Leatrice Sharif Mark,girl,202101790,25,1,9
1790,Dickie Opal Doctor,boy,202101791,14,85,8
1791,Myla Holly Jon,girl,202101792,8,46,16
1792,Darryle Art Raekwon,boy,202101793,68,15,81
1793,Elenora Donte Fernando,girl,202101794,13,66,29
1794,Benard Jamarcus Mitchell,boy,202101795,39,21,86
1795,Marilla Dyllan Kevin,girl,202101796,0,34,99
1796,Ariane Michael Jevon,girl,202101797,64,54,96
1797,Edwin Lemmie Bartholomew,boy,202101798,75,49,59
1798,Aliya Torrence Barrie,girl,202101799,30,42,26
1799,Christel Matt Laddie,girl,202101800,60,62,68
1800,Mahalie Beckham Lauren,girl,202101801,49,96,73
1801,Lemmie Glenwood Curtiss,boy,202101802,19,52,84
1802,Ashlie Morton Lewis,girl,202101803,35,19,67
1803,Jannie Enzo Joaquin,girl,202101804,0,57,23
1804,Shaquana Mikeal Jerrad,girl,202101805,70,67,9
1805,Thea Hillery Charle,girl,202101806,63,6,71
1806,Margueritta Darby Eleanor,girl,202101807,52,8,99
1807,Doug Gabe Rice,boy,202101808,55,3,89
1808,Roderick Bobbie Aditya,boy,202101809,67,27,2
1809,Maricela Fannie Alva,girl,202101810,14,86,14
1810,America Orlo Mac,girl,202101811,67,96,17
1811,Madelyn Wheeler Abner,girl,202101812,2,67,85
1812,Valery Debra George,girl,202101813,46,67,60
1813,Waldo Valentine Nick,boy,202101814,63,98,65
1814,Buelah Andy Benjaman,girl,202101815,2,5,55
1815,Newton Lance Collins,boy,202101816,53,21,22
1816,Hubbard Mitchel Levern,boy,202101817,82,86,6
1817,Miracle Atlas Gerald,girl,202101818,52,45,8
1818,Elmira Eusebio Domenick,girl,202101819,100,97,54
1819,Violeta Omarion Fletcher,girl,202101820,39,77,80
1820,Dianne Julien Jerome,girl,202101821,76,71,23
1821,Steven Dylon Terrill,boy,202101822,24,29,27
1822,Seldon Alexander Leland,boy,202101823,69,66,37
1823,Joyce Boone Eliot,boy,202101824,54,49,36
1824,Shandra Loyal Herb,girl,202101825,62,88,84
1825,Brennan Rakeem Myles,boy,202101826,53,32,5
1826,Olivia Flem Lone,girl,202101827,33,66,21
1827,Hakeem Jaquan Gerrit,boy,202101828,83,71,42
1828,Bruno Erwin Andy,boy,202101829,98,77,3
1829,Preston Burrell Faron,boy,202101830,91,68,47
1830,Charlottie Maggie Lupe,girl,202101831,36,49,31
1831,Kristofer Soren Mauro,boy,202101832,0,47,38
1832,Johanna Lyman Dominik,girl,202101833,79,47,17
1833,Arla Jude Alexandro,girl,202101834,69,62,53
1834,Lucindy Burnell Ras,girl,202101835,44,97,61
1835,Oddie Collis Clint,boy,202101836,3,77,92
1836,Aubree Minor Ellery,girl,202101837,65,8,0
1837,Barrett Karson Seth,boy,202101838,22,99,71
1838,Fredericka Crawford Marquis,girl,202101839,59,95,23
1839,Zena Geo Kenyatta,girl,202101840,38,49,81
1840,Gerardo Shan Draven,boy,202101841,100,73,10
1841,Brayan Noel Marlon,boy,202101842,77,38,9
1842,Prentiss Winston Dorris,boy,202101843,78,90,20
1843,Jakobe Tommy Kenton,boy,202101844,84,49,27
1844,Marlon Valentine Dwane,boy,202101845,99,36,89
1845,Wilton Clemence Peyton,boy,202101846,1,42,59
1846,Shirlene Irene Jaleel,girl,202101847,47,6,85
1847,Darryle Isaac Destin,boy,202101848,42,81,55
1848,Newell Byron Fenton,boy,202101849,18,18,21
1849,Lauri Tim Eston,girl,202101850,93,63,41
1850,Banks Salomon Brody,boy,202101851,44,97,15
1851,Charley Olen Oliver,boy,202101852,57,25,56
1852,Alva Vic Claus,boy,202101853,19,44,50
1853,Edie Aidyn Maria,boy,202101854,60,50,53
1854,Caiden Antony Mont,boy,202101855,12,29,74
1855,Geri Ellis Anatole,girl,202101856,55,20,90
1856,Wade Deonta Hollis,boy,202101857,62,92,23
1857,Adyson Case Anwar,girl,202101858,1,10,57
1858,Roscoe Roberto Dannie,boy,202101859,19,64,35
1859,Louisa Rasheed Lora,girl,202101860,98,31,65
1860,Jenilee Domonique Case,girl,202101861,1,52,42
1861,Reyes Alfonzo Ryker,boy,202101862,5,61,84
1862,Dottie Burr Bode,girl,202101863,5,4,7
1863,Zoie Khalil London,girl,202101864,94,4,14
1864,Joleen Kimberly Khiry,girl,202101865,98,54,20
1865,Joell Destin Ignacio,girl,202101866,76,47,24
1866,Kiarra Arlis Cash,girl,202101867,0,74,16
1867,Vollie Kenyon Deontae,boy,202101868,87,5,6
1868,Dionicio Sumner Connie,boy,202101869,32,85,1
1869,Harlie Hilton Giles,boy,202101870,99,78,2
1870,Osborne Khiry Dorris,boy,202101871,26,97,75
1871,Adeline Will Denny,girl,202101872,2,75,95
1872,Armand Landin Claire,boy,202101873,9,28,83
1873,Gussie Eino Buddy,boy,202101874,65,30,98
1874,Stewart Anna Adams,boy,202101875,96,91,25
1875,Americo Hjalmer Sidney,boy,202101876,18,76,87
1876,Margeret Damond Gauge,girl,202101877,57,39,17
1877,Barrett Leander Asa,boy,202101878,100,31,86
1878,Javon Marlyn Andrae,boy,202101879,85,5,92
1879,Delisa Jake Lorenza,girl,202101880,15,71,5
1880,Markus Bronson Desean,boy,202101881,17,16,17
1881,Nyasia Irwin Dorsey,girl,202101882,4,67,70
1882,Billy Santos Treyton,boy,202101883,98,100,32
1883,Evertt Trenten Geno,boy,202101884,9,9,20
1884,Arianna Roel Harlow,girl,202101885,33,27,52
1885,Mazie Montgomery Nery,girl,202101886,80,69,14
1886,Geraldine Oswald Kelby,girl,202101887,25,57,31
1887,Belle Shelton Jefferey,girl,202101888,22,33,61
1888,Aloma Erin Alanzo,girl,202101889,82,98,90
1889,Otho Ansel Denzell,boy,202101890,65,97,38
1890,Margretta Auther Kyle,girl,202101891,78,34,21
1891,Matilda Glynn Jahiem,girl,202101892,41,17,8
1892,Jerimiah Acy Elgin,boy,202101893,12,50,48
1893,Sophronia Eduardo Jessy,girl,202101894,86,9,11
1894,Pandora Ephriam Clearence,girl,202101895,93,22,25
1895,Marie Murray Johnnie,boy,202101896,80,28,6
1896,Wayman Leland Jodie,boy,202101897,8,74,78
1897,Dove Benjaman Leonardo,girl,202101898,81,69,53
1898,Dagmar Jarrad Waverly,girl,202101899,57,4,11
1899,Keion Enrico Zenas,boy,202101900,70,61,94
1900,Kalie Louis Damarion,girl,202101901,34,75,37
1901,Beula Shoji Neil,girl,202101902,55,63,25
1902,Kaylyn Raven Santino,girl,202101903,80,51,30
1903,Daryl Burleigh Hjalmar,boy,202101904,9,42,16
1904,Sherryl Huy Jonas,girl,202101905,54,47,0
1905,Odette Alvis Cannon,girl,202101906,31,47,89
1906,Marlena Sigmund Norbert,girl,202101907,75,29,61
1907,Zollie Orland Joseph,boy,202101908,4,53,29
1908,Wilber Domingo Bobbie,boy,202101909,15,75,39
1909,Craig Hilbert Ernesto,boy,202101910,2,39,32
1910,Kaylynn Trayvon Kason,girl,202101911,87,92,21
1911,Vernetta Forest Katherine,girl,202101912,99,77,46
1912,Verle Hillery Cain,boy,202101913,11,75,50
1913,Katia Deegan Andre,girl,202101914,45,8,68
1914,Danniel Reese Dondre,boy,202101915,66,22,79
1915,Loy Ezequiel Buck,boy,202101916,73,28,82
1916,Tammi Claus Earl,girl,202101917,22,69,21
1917,Norma Toma Elder,girl,202101918,33,56,17
1918,Dovie Hamp Severo,girl,202101919,89,26,95
1919,Talan Orin Leo,boy,202101920,66,24,52
1920,Eller Randal Leonidas,girl,202101921,86,59,53
1921,Mahalia Ananias Nicky,girl,202101922,20,49,17
1922,Coolidge Coty Dennie,boy,202101923,37,100,12
1923,Rebeca Dennis Samie,girl,202101924,40,12,21
1924,Jamison Ossie Ibrahim,boy,202101925,52,20,7
1925,Delta Hazen Sydney,girl,202101926,22,86,64
1926,Makhi Nat Woodie,boy,202101927,10,43,10
1927,Waldemar Leopoldo Isaiah,boy,202101928,86,40,34
1928,Latrice Trey Crockett,girl,202101929,4,4,75
1929,Joesph Jaquez Lucian,boy,202101930,58,10,78
1930,Cain Benjamine Gilberto,boy,202101931,38,77,80
1931,Dianna Eugene Leopold,girl,202101932,73,40,48
1932,Sharyn Gust Jerry,girl,202101933,27,88,58
1933,Kegan Ibrahim Lemon,boy,202101934,33,10,24
1934,Fed Manuel Cheyenne,boy,202101935,10,58,2
1935,Janene Lindsay Noe,girl,202101936,78,7,41
1936,Eveline Roderic Lynwood,girl,202101937,66,10,2
1937,Osa Posey Agustin,girl,202101938,41,24,94
1938,Payten Shad Messiah,girl,202101939,3,53,62
1939,Antonio Horace Stuart,boy,202101940,4,12,59
1940,Melody Tremayne Malachi,girl,202101941,100,34,31
1941,Ruby Jules Tillman,boy,202101942,9,71,84
1942,Alonso Hiroshi Trevon,boy,202101943,80,19,10
1943,Jeramie Jason Brittany,boy,202101944,1,69,23
1944,Monserrat Cassie Garrett,girl,202101945,0,54,37
1945,Augustin Brenda Anthony,boy,202101946,10,57,46
1946,Esta Lorin Rudolfo,boy,202101947,22,79,12
1947,Wendell Norris Connor,boy,202101948,6,70,38
1948,Francisco Jovanny Messiah,boy,202101949,91,46,93
1949,Diandra Ben Lindsey,girl,202101950,8,56,0
1950,Daisy Guthrie Evert,boy,202101951,3,29,5
1951,Hubert Conard Alphons,boy,202101952,94,66,95
1952,Asberry Daquan Chris,boy,202101953,45,23,45
1953,Opha Orlo Everette,girl,202101954,7,53,18
1954,Powell Donato Eldridge,boy,202101955,89,62,1
1955,Fannye Sylvan Odell,girl,202101956,54,49,14
1956,Tanja Von Hjalmar,girl,202101957,53,85,43
1957,Leora Travis Dan,girl,202101958,25,22,9
1958,Armin Stonewall Edwardo,boy,202101959,19,85,98
1959,Berneice Huston Shepherd,girl,202101960,54,78,33
1960,Harden Layne Spurgeon,boy,202101961,22,59,53
1961,Adron Shayne Brion,boy,202101962,96,6,45
1962,Eunice Winton Jan,boy,202101963,72,98,93
1963,Anson Yosef Watt,boy,202101964,14,6,75
1964,Jep Alessandro Raleigh,boy,202101965,44,35,86
1965,Dezzie Donte Dwane,girl,202101966,85,59,95
1966,Rafael Tandy Hanson,boy,202101967,27,42,6
1967,Arie Shaquille Soloman,girl,202101968,71,66,86
1968,Jadyn Primus Chin,boy,202101969,62,41,50
1969,Willy Vernie Abe,boy,202101970,92,80,55
1970,Leandra Kevon Almon,girl,202101971,77,16,35
1971,Roel Jere General,boy,202101972,78,96,80
1972,Nanna Josephus Hollis,girl,202101973,0,22,62
1973,Anika Virginia Brycen,girl,202101974,31,25,83
1974,Araceli Kalvin Prentice,girl,202101975,37,48,33
1975,Nathanael Barnett Roberto,boy,202101976,74,50,18
1976,Tera Blaise Andy,girl,202101977,37,24,83
1977,Margarita Lon Malachi,girl,202101978,3,100,41
1978,Kordell Aiden Therman,boy,202101979,44,85,85
1979,Evelin Rube Kasen,girl,202101980,0,13,32
1980,Deron Rishi Kamren,boy,202101981,21,46,38
1981,Amaris Clell Daquan,girl,202101982,91,8,75
1982,Trudy Kevon Isham,girl,202101983,85,62,28
1983,Jessy Randall Obed,boy,202101984,50,38,75
1984,Lukas Claude Julious,boy,202101985,64,33,78
1985,Einar Cletus Jefferson,boy,202101986,87,53,41
1986,Ervin Geraldo Kyle,boy,202101987,46,90,33
1987,Sabra Kolten Oswaldo,girl,202101988,39,83,64
1988,Orlin Dyllan Mat,boy,202101989,95,14,29
1989,Hyrum Deforest Jed,boy,202101990,32,12,78
1990,Debby Aloysius Leonce,girl,202101991,72,24,31
1991,Rachel Jay Jade,boy,202101992,0,68,51
1992,Deja Tomas Babyboy,girl,202101993,35,0,95
1993,Chelsi Willard Godfrey,girl,202101994,66,68,31
1994,Velvet Daron Callum,girl,202101995,23,2,86
1995,Roslyn Talon Finis,girl,202101996,1,19,44
1996,Davian Hillery Hermon,boy,202101997,9,70,24
1997,Linn Michele Lindy,boy,202101998,74,94,87
1998,Ragna Obed Seward,girl,202101999,23,39,11
1999,Eugenie Earley Jeramiah,girl,202102000,69,4,60
